-- MySQL dump 10.13  Distrib 5.1.62, for debian-linux-gnu (i686)
--
-- Host: localhost    Database: asiaspa
-- ------------------------------------------------------
-- Server version	5.1.62-0ubuntu0.11.04.1

/*!40101 SET @OLD_CHARACTER_SET_CLIENT=@@CHARACTER_SET_CLIENT */;
/*!40101 SET @OLD_CHARACTER_SET_RESULTS=@@CHARACTER_SET_RESULTS */;
/*!40101 SET @OLD_COLLATION_CONNECTION=@@COLLATION_CONNECTION */;
/*!40101 SET NAMES utf8 */;
/*!40103 SET @OLD_TIME_ZONE=@@TIME_ZONE */;
/*!40103 SET TIME_ZONE='+00:00' */;
/*!40014 SET @OLD_UNIQUE_CHECKS=@@UNIQUE_CHECKS, UNIQUE_CHECKS=0 */;
/*!40014 SET @OLD_FOREIGN_KEY_CHECKS=@@FOREIGN_KEY_CHECKS, FOREIGN_KEY_CHECKS=0 */;
/*!40101 SET @OLD_SQL_MODE=@@SQL_MODE, SQL_MODE='NO_AUTO_VALUE_ON_ZERO' */;
/*!40111 SET @OLD_SQL_NOTES=@@SQL_NOTES, SQL_NOTES=0 */;

--
-- Table structure for table `admin_tools_dashboard_preferences`
--

DROP TABLE IF EXISTS `admin_tools_dashboard_preferences`;
/*!40101 SET @saved_cs_client     = @@character_set_client */;
/*!40101 SET character_set_client = utf8 */;
CREATE TABLE `admin_tools_dashboard_preferences` (
  `id` int(11) NOT NULL AUTO_INCREMENT,
  `user_id` int(11) NOT NULL,
  `data` longtext NOT NULL,
  `dashboard_id` varchar(100) NOT NULL,
  PRIMARY KEY (`id`),
  UNIQUE KEY `admin_tools_dashboard_prefer_dashboard_id_374bce90a8a4eefc_uniq` (`dashboard_id`,`user_id`),
  KEY `admin_tools_dashboard_preferences_fbfc09f1` (`user_id`),
  CONSTRAINT `user_id_refs_id_2faedda1f8487376` FOREIGN KEY (`user_id`) REFERENCES `auth_user` (`id`)
) ENGINE=InnoDB AUTO_INCREMENT=8 DEFAULT CHARSET=utf8;
/*!40101 SET character_set_client = @saved_cs_client */;

--
-- Dumping data for table `admin_tools_dashboard_preferences`
--

LOCK TABLES `admin_tools_dashboard_preferences` WRITE;
/*!40000 ALTER TABLE `admin_tools_dashboard_preferences` DISABLE KEYS */;
INSERT INTO `admin_tools_dashboard_preferences` VALUES (1,1,'{}','dashboard'),(2,1,'{}','specs-dashboard'),(3,1,'{}','services-dashboard'),(4,1,'{}','siteblocks-dashboard'),(5,1,'{}','articles-dashboard'),(6,2,'{}','dashboard'),(7,2,'{}','services-dashboard');
/*!40000 ALTER TABLE `admin_tools_dashboard_preferences` ENABLE KEYS */;
UNLOCK TABLES;

--
-- Table structure for table `admin_tools_menu_bookmark`
--

DROP TABLE IF EXISTS `admin_tools_menu_bookmark`;
/*!40101 SET @saved_cs_client     = @@character_set_client */;
/*!40101 SET character_set_client = utf8 */;
CREATE TABLE `admin_tools_menu_bookmark` (
  `id` int(11) NOT NULL AUTO_INCREMENT,
  `user_id` int(11) NOT NULL,
  `url` varchar(255) NOT NULL,
  `title` varchar(255) NOT NULL,
  PRIMARY KEY (`id`),
  KEY `admin_tools_menu_bookmark_fbfc09f1` (`user_id`),
  CONSTRAINT `user_id_refs_id_6af2836063b2844f` FOREIGN KEY (`user_id`) REFERENCES `auth_user` (`id`)
) ENGINE=InnoDB DEFAULT CHARSET=utf8;
/*!40101 SET character_set_client = @saved_cs_client */;

--
-- Dumping data for table `admin_tools_menu_bookmark`
--

LOCK TABLES `admin_tools_menu_bookmark` WRITE;
/*!40000 ALTER TABLE `admin_tools_menu_bookmark` DISABLE KEYS */;
/*!40000 ALTER TABLE `admin_tools_menu_bookmark` ENABLE KEYS */;
UNLOCK TABLES;

--
-- Table structure for table `articles_licence`
--

DROP TABLE IF EXISTS `articles_licence`;
/*!40101 SET @saved_cs_client     = @@character_set_client */;
/*!40101 SET character_set_client = utf8 */;
CREATE TABLE `articles_licence` (
  `id` int(11) NOT NULL AUTO_INCREMENT,
  `title` varchar(150) NOT NULL,
  `description` longtext NOT NULL,
  `image` varchar(100) NOT NULL,
  PRIMARY KEY (`id`)
) ENGINE=MyISAM AUTO_INCREMENT=2 DEFAULT CHARSET=utf8;
/*!40101 SET character_set_client = @saved_cs_client */;

--
-- Dumping data for table `articles_licence`
--

LOCK TABLES `articles_licence` WRITE;
/*!40000 ALTER TABLE `articles_licence` DISABLE KEYS */;
INSERT INTO `articles_licence` VALUES (1,'Сертификат','Сертификат\r\nСертификат\r\nСертификат','images/licence/preview-sample2.png');
/*!40000 ALTER TABLE `articles_licence` ENABLE KEYS */;
UNLOCK TABLES;

--
-- Table structure for table `articles_newsitem`
--

DROP TABLE IF EXISTS `articles_newsitem`;
/*!40101 SET @saved_cs_client     = @@character_set_client */;
/*!40101 SET character_set_client = utf8 */;
CREATE TABLE `articles_newsitem` (
  `id` int(11) NOT NULL AUTO_INCREMENT,
  `title` varchar(150) NOT NULL,
  `short_text` longtext NOT NULL,
  `full_text` longtext NOT NULL,
  `show_on_index` tinyint(1) NOT NULL,
  `created_at` date NOT NULL,
  PRIMARY KEY (`id`)
) ENGINE=MyISAM AUTO_INCREMENT=4 DEFAULT CHARSET=utf8;
/*!40101 SET character_set_client = @saved_cs_client */;

--
-- Dumping data for table `articles_newsitem`
--

LOCK TABLES `articles_newsitem` WRITE;
/*!40000 ALTER TABLE `articles_newsitem` DISABLE KEYS */;
INSERT INTO `articles_newsitem` VALUES (1,'Новое направление','В клинике эстетической косметологии открылось новое направление Гинекология','<p>В клинике эстетической косметологии открылось новое направление Гинекология<br></p>',1,'2013-08-13'),(2,'Омоложение E-Matrix','Новая услуга, альтернатива лазерной шлифовки','<p></p><p><div class=\"special-light\">Новая услуга, альтернатива лазерной шлифовки</div></p><p></p>\r\n<p></p><p>Новая услуга, альтернатива лазерной шлифовки</p><p></p>\r\n<p><span style=\"line-height: 1.45em;\"></span></p><p>Новая услуга, альтернатива лазерной шлифовки</p><br><p><img src=\"/media/uploads/images/20b34f5354f4dcca35936e2a902bb88f.png\" style=\"\"></p><p>dfgsdfgs</p><p>sdfgdsfg</p><br><p></p>\r\n<br>\r\n<p></p>\r\n',1,'2013-08-13'),(3,'Vela Smooth','Абсолютный хит эстетической медицины по специальной цене','<p>Абсолютный хит эстетической медицины по специальной цене<br></p><p>Абсолютный хит эстетической медицины по специальной цене<br></p><p>Абсолютный хит эстетической медицины по специальной цене<br></p>',1,'2013-08-13');
/*!40000 ALTER TABLE `articles_newsitem` ENABLE KEYS */;
UNLOCK TABLES;

--
-- Table structure for table `articles_social`
--

DROP TABLE IF EXISTS `articles_social`;
/*!40101 SET @saved_cs_client     = @@character_set_client */;
/*!40101 SET character_set_client = utf8 */;
CREATE TABLE `articles_social` (
  `id` int(11) NOT NULL AUTO_INCREMENT,
  `title` varchar(150) NOT NULL,
  `image` varchar(100) NOT NULL,
  `full_text` longtext NOT NULL,
  `created_at` date NOT NULL,
  PRIMARY KEY (`id`)
) ENGINE=MyISAM AUTO_INCREMENT=3 DEFAULT CHARSET=utf8;
/*!40101 SET character_set_client = @saved_cs_client */;

--
-- Dumping data for table `articles_social`
--

LOCK TABLES `articles_social` WRITE;
/*!40000 ALTER TABLE `articles_social` DISABLE KEYS */;
INSERT INTO `articles_social` VALUES (1,'Участвовали в подготовке Мисс Забайкалья','images/social/preview-sample2.png','<p><p></p><p>«Asia-Spa» - это оазис красоты и здоровья, в который можно войти, захлопнуть за собой дверь, оставив снаружи все свои проблемы. Cледуя философским традициям Востока и современности Запада, в самом центре ммЧиты 20 декабря 2006 года открылся салон «Asia-Spa». Эксклюзивность салона в новизне и качестве услуг. Современный интерьер дополняется целостной концепцией терапии по уходу за лицом и телом.</p><p><p>«Asia-Spa» - это оазис красоты и здоровья, в который можно войти, захлопнуть за собой дверь, оставив снаружи все свои проблемы. Cледуя философским традициям Востока и современности Запада, в самом центре ммЧиты 20 декабря 2006 года открылся салон «Asia-Spa». Эксклюзивность салона в новизне и качестве услуг. Современный интерьер дополняется целостной концепцией терапии по уходу за лицом и телом.</p></p><br></p>','2013-08-13'),(2,'Фитнесс-вечеринки','images/social/preview-sample2_1.png','<p>Своим клиентам «Asia-Spa» предлагает широчайший ассортимент косметологического оборудования, который позволяет разрабатывать индивидуальные программы для каждого клиента. Это могут быть как отдельные курсы процедур, так и комплексные эстетические программы для лица и тела, решающие проблемы, возникающие в любом возрасте.<br></p><p>Своим клиентам «Asia-Spa» предлагает широчайший ассортимент косметологического оборудования, который позволяет разрабатывать индивидуальные программы для каждого клиента. Это могут быть как отдельные курсы процедур, так и комплексные эстетические программы для лица и тела, решающие проблемы, возникающие в любом возрасте.<br></p>','2013-08-13');
/*!40000 ALTER TABLE `articles_social` ENABLE KEYS */;
UNLOCK TABLES;

--
-- Table structure for table `auth_group`
--

DROP TABLE IF EXISTS `auth_group`;
/*!40101 SET @saved_cs_client     = @@character_set_client */;
/*!40101 SET character_set_client = utf8 */;
CREATE TABLE `auth_group` (
  `id` int(11) NOT NULL AUTO_INCREMENT,
  `name` varchar(80) NOT NULL,
  PRIMARY KEY (`id`),
  UNIQUE KEY `name` (`name`)
) ENGINE=InnoDB DEFAULT CHARSET=utf8;
/*!40101 SET character_set_client = @saved_cs_client */;

--
-- Dumping data for table `auth_group`
--

LOCK TABLES `auth_group` WRITE;
/*!40000 ALTER TABLE `auth_group` DISABLE KEYS */;
/*!40000 ALTER TABLE `auth_group` ENABLE KEYS */;
UNLOCK TABLES;

--
-- Table structure for table `auth_group_permissions`
--

DROP TABLE IF EXISTS `auth_group_permissions`;
/*!40101 SET @saved_cs_client     = @@character_set_client */;
/*!40101 SET character_set_client = utf8 */;
CREATE TABLE `auth_group_permissions` (
  `id` int(11) NOT NULL AUTO_INCREMENT,
  `group_id` int(11) NOT NULL,
  `permission_id` int(11) NOT NULL,
  PRIMARY KEY (`id`),
  UNIQUE KEY `group_id` (`group_id`,`permission_id`),
  KEY `auth_group_permissions_bda51c3c` (`group_id`),
  KEY `auth_group_permissions_1e014c8f` (`permission_id`),
  CONSTRAINT `group_id_refs_id_3cea63fe` FOREIGN KEY (`group_id`) REFERENCES `auth_group` (`id`),
  CONSTRAINT `permission_id_refs_id_a7792de1` FOREIGN KEY (`permission_id`) REFERENCES `auth_permission` (`id`)
) ENGINE=InnoDB DEFAULT CHARSET=utf8;
/*!40101 SET character_set_client = @saved_cs_client */;

--
-- Dumping data for table `auth_group_permissions`
--

LOCK TABLES `auth_group_permissions` WRITE;
/*!40000 ALTER TABLE `auth_group_permissions` DISABLE KEYS */;
/*!40000 ALTER TABLE `auth_group_permissions` ENABLE KEYS */;
UNLOCK TABLES;

--
-- Table structure for table `auth_permission`
--

DROP TABLE IF EXISTS `auth_permission`;
/*!40101 SET @saved_cs_client     = @@character_set_client */;
/*!40101 SET character_set_client = utf8 */;
CREATE TABLE `auth_permission` (
  `id` int(11) NOT NULL AUTO_INCREMENT,
  `name` varchar(50) NOT NULL,
  `content_type_id` int(11) NOT NULL,
  `codename` varchar(100) NOT NULL,
  PRIMARY KEY (`id`),
  UNIQUE KEY `content_type_id` (`content_type_id`,`codename`),
  KEY `auth_permission_e4470c6e` (`content_type_id`),
  CONSTRAINT `content_type_id_refs_id_728de91f` FOREIGN KEY (`content_type_id`) REFERENCES `django_content_type` (`id`)
) ENGINE=InnoDB AUTO_INCREMENT=118 DEFAULT CHARSET=utf8;
/*!40101 SET character_set_client = @saved_cs_client */;

--
-- Dumping data for table `auth_permission`
--

LOCK TABLES `auth_permission` WRITE;
/*!40000 ALTER TABLE `auth_permission` DISABLE KEYS */;
INSERT INTO `auth_permission` VALUES (1,'Can add permission',1,'add_permission'),(2,'Can change permission',1,'change_permission'),(3,'Can delete permission',1,'delete_permission'),(4,'Can add group',2,'add_group'),(5,'Can change group',2,'change_group'),(6,'Can delete group',2,'delete_group'),(7,'Can add user',3,'add_user'),(8,'Can change user',3,'change_user'),(9,'Can delete user',3,'delete_user'),(10,'Can add content type',4,'add_contenttype'),(11,'Can change content type',4,'change_contenttype'),(12,'Can delete content type',4,'delete_contenttype'),(13,'Can add session',5,'add_session'),(14,'Can change session',5,'change_session'),(15,'Can delete session',5,'delete_session'),(16,'Can add site',6,'add_site'),(17,'Can change site',6,'change_site'),(18,'Can delete site',6,'delete_site'),(19,'Can add log entry',7,'add_logentry'),(20,'Can change log entry',7,'change_logentry'),(21,'Can delete log entry',7,'delete_logentry'),(22,'Can add kv store',8,'add_kvstore'),(23,'Can change kv store',8,'change_kvstore'),(24,'Can delete kv store',8,'delete_kvstore'),(25,'Can add migration history',9,'add_migrationhistory'),(26,'Can change migration history',9,'change_migrationhistory'),(27,'Can delete migration history',9,'delete_migrationhistory'),(28,'Can add bookmark',10,'add_bookmark'),(29,'Can change bookmark',10,'change_bookmark'),(30,'Can delete bookmark',10,'delete_bookmark'),(31,'Can add dashboard preferences',11,'add_dashboardpreferences'),(32,'Can change dashboard preferences',11,'change_dashboardpreferences'),(33,'Can delete dashboard preferences',11,'delete_dashboardpreferences'),(34,'Can add menu_item',12,'add_sitemenu'),(35,'Can change menu_item',12,'change_sitemenu'),(36,'Can delete menu_item',12,'delete_sitemenu'),(37,'Can add site_setting',13,'add_settings'),(38,'Can change site_setting',13,'change_settings'),(39,'Can delete site_setting',13,'delete_settings'),(40,'Can add page_item',14,'add_page'),(41,'Can change page_item',14,'change_page'),(42,'Can delete page_item',14,'delete_page'),(43,'Can add файл',15,'add_pagedoc'),(44,'Can change файл',15,'change_pagedoc'),(45,'Can delete файл',15,'delete_pagedoc'),(46,'Can add картинка',16,'add_pagepic'),(47,'Can change картинка',16,'change_pagepic'),(48,'Can delete картинка',16,'delete_pagepic'),(49,'Can add meta',17,'add_metadata'),(50,'Can change meta',17,'change_metadata'),(51,'Can delete meta',17,'delete_metadata'),(52,'Can add news_category',18,'add_newscategory'),(53,'Can change news_category',18,'change_newscategory'),(54,'Can delete news_category',18,'delete_newscategory'),(55,'Can add news_item',19,'add_news'),(56,'Can change news_item',19,'change_news'),(57,'Can delete news_item',19,'delete_news'),(58,'Can add специалист',20,'add_spec'),(59,'Can change специалист',20,'change_spec'),(60,'Can delete специалист',20,'delete_spec'),(61,'Can add вопрос',21,'add_question'),(62,'Can change вопрос',21,'change_question'),(63,'Can delete вопрос',21,'delete_question'),(64,'Can add отзыв',22,'add_review'),(65,'Can change отзыв',22,'change_review'),(66,'Can delete отзыв',22,'delete_review'),(67,'Can add раздел',23,'add_category'),(68,'Can change раздел',23,'change_category'),(69,'Can delete раздел',23,'delete_category'),(70,'Can add подраздел',24,'add_subcategory'),(71,'Can change подраздел',24,'change_subcategory'),(72,'Can delete подраздел',24,'delete_subcategory'),(73,'Can add услуга',25,'add_service'),(74,'Can change услуга',25,'change_service'),(75,'Can delete услуга',25,'delete_service'),(82,'Can add цена услуги',28,'add_price'),(83,'Can change цена услуги',28,'change_price'),(84,'Can delete цена услуги',28,'delete_price'),(85,'Can add элемент меню страницы клиники',29,'add_clinicmenu'),(86,'Can change элемент меню страницы клиники',29,'change_clinicmenu'),(87,'Can delete элемент меню страницы клиники',29,'delete_clinicmenu'),(88,'Can add фотогаллерея',30,'add_gallery'),(89,'Can change фотогаллерея',30,'change_gallery'),(90,'Can delete фотогаллерея',30,'delete_gallery'),(91,'Can add фотография',31,'add_galleryimage'),(92,'Can change фотография',31,'change_galleryimage'),(93,'Can delete фотография',31,'delete_galleryimage'),(94,'Can add запись на процедуру',32,'add_servicesign'),(95,'Can change запись на процедуру',32,'change_servicesign'),(96,'Can delete запись на процедуру',32,'delete_servicesign'),(97,'Can add ',33,'add_social'),(98,'Can change ',33,'change_social'),(99,'Can delete ',33,'delete_social'),(100,'Can add ',34,'add_newsitem'),(101,'Can change ',34,'change_newsitem'),(102,'Can delete ',34,'delete_newsitem'),(103,'Can add элемент слайдера',35,'add_slideritem'),(104,'Can change элемент слайдера',35,'change_slideritem'),(105,'Can delete элемент слайдера',35,'delete_slideritem'),(106,'Can add тип рекомендации',36,'add_recomendationtype'),(107,'Can change тип рекомендации',36,'change_recomendationtype'),(108,'Can delete тип рекомендации',36,'delete_recomendationtype'),(109,'Can add месяц',37,'add_month'),(110,'Can change месяц',37,'change_month'),(111,'Can delete месяц',37,'delete_month'),(112,'Can add рекомендация',38,'add_recomendation'),(113,'Can change рекомендация',38,'change_recomendation'),(114,'Can delete рекомендация',38,'delete_recomendation'),(115,'Can add лицензия или сертификат',39,'add_licence'),(116,'Can change лицензия или сертификат',39,'change_licence'),(117,'Can delete лицензия или сертификат',39,'delete_licence');
/*!40000 ALTER TABLE `auth_permission` ENABLE KEYS */;
UNLOCK TABLES;

--
-- Table structure for table `auth_user`
--

DROP TABLE IF EXISTS `auth_user`;
/*!40101 SET @saved_cs_client     = @@character_set_client */;
/*!40101 SET character_set_client = utf8 */;
CREATE TABLE `auth_user` (
  `id` int(11) NOT NULL AUTO_INCREMENT,
  `username` varchar(30) NOT NULL,
  `first_name` varchar(30) NOT NULL,
  `last_name` varchar(30) NOT NULL,
  `email` varchar(75) NOT NULL,
  `password` varchar(128) NOT NULL,
  `is_staff` tinyint(1) NOT NULL,
  `is_active` tinyint(1) NOT NULL,
  `is_superuser` tinyint(1) NOT NULL,
  `last_login` datetime NOT NULL,
  `date_joined` datetime NOT NULL,
  PRIMARY KEY (`id`),
  UNIQUE KEY `username` (`username`)
) ENGINE=InnoDB AUTO_INCREMENT=3 DEFAULT CHARSET=utf8;
/*!40101 SET character_set_client = @saved_cs_client */;

--
-- Dumping data for table `auth_user`
--

LOCK TABLES `auth_user` WRITE;
/*!40000 ALTER TABLE `auth_user` DISABLE KEYS */;
INSERT INTO `auth_user` VALUES (1,'grigl','','','grigl@mail.ru','pbkdf2_sha256$10000$Q2ZD49Fv3HMK$Gx3/dkIUzBO7lKbdQJpEtaXKlccT43Wjo0vkzPCLBhQ=',1,1,1,'2013-08-14 19:14:18','2013-08-02 10:49:00'),(2,'admin','','','','pbkdf2_sha256$10000$IKj1TZOSeJDv$yS/XS5J85ZLYU3K0j4giaMF7qGY2Ko5hoz1lRxWz+ng=',1,1,1,'2013-08-15 16:00:57','2013-08-15 14:20:58');
/*!40000 ALTER TABLE `auth_user` ENABLE KEYS */;
UNLOCK TABLES;

--
-- Table structure for table `auth_user_groups`
--

DROP TABLE IF EXISTS `auth_user_groups`;
/*!40101 SET @saved_cs_client     = @@character_set_client */;
/*!40101 SET character_set_client = utf8 */;
CREATE TABLE `auth_user_groups` (
  `id` int(11) NOT NULL AUTO_INCREMENT,
  `user_id` int(11) NOT NULL,
  `group_id` int(11) NOT NULL,
  PRIMARY KEY (`id`),
  UNIQUE KEY `user_id` (`user_id`,`group_id`),
  KEY `auth_user_groups_fbfc09f1` (`user_id`),
  KEY `auth_user_groups_bda51c3c` (`group_id`),
  CONSTRAINT `group_id_refs_id_f0ee9890` FOREIGN KEY (`group_id`) REFERENCES `auth_group` (`id`),
  CONSTRAINT `user_id_refs_id_831107f1` FOREIGN KEY (`user_id`) REFERENCES `auth_user` (`id`)
) ENGINE=InnoDB DEFAULT CHARSET=utf8;
/*!40101 SET character_set_client = @saved_cs_client */;

--
-- Dumping data for table `auth_user_groups`
--

LOCK TABLES `auth_user_groups` WRITE;
/*!40000 ALTER TABLE `auth_user_groups` DISABLE KEYS */;
/*!40000 ALTER TABLE `auth_user_groups` ENABLE KEYS */;
UNLOCK TABLES;

--
-- Table structure for table `auth_user_user_permissions`
--

DROP TABLE IF EXISTS `auth_user_user_permissions`;
/*!40101 SET @saved_cs_client     = @@character_set_client */;
/*!40101 SET character_set_client = utf8 */;
CREATE TABLE `auth_user_user_permissions` (
  `id` int(11) NOT NULL AUTO_INCREMENT,
  `user_id` int(11) NOT NULL,
  `permission_id` int(11) NOT NULL,
  PRIMARY KEY (`id`),
  UNIQUE KEY `user_id` (`user_id`,`permission_id`),
  KEY `auth_user_user_permissions_fbfc09f1` (`user_id`),
  KEY `auth_user_user_permissions_1e014c8f` (`permission_id`),
  CONSTRAINT `permission_id_refs_id_67e79cb` FOREIGN KEY (`permission_id`) REFERENCES `auth_permission` (`id`),
  CONSTRAINT `user_id_refs_id_f2045483` FOREIGN KEY (`user_id`) REFERENCES `auth_user` (`id`)
) ENGINE=InnoDB DEFAULT CHARSET=utf8;
/*!40101 SET character_set_client = @saved_cs_client */;

--
-- Dumping data for table `auth_user_user_permissions`
--

LOCK TABLES `auth_user_user_permissions` WRITE;
/*!40000 ALTER TABLE `auth_user_user_permissions` DISABLE KEYS */;
/*!40000 ALTER TABLE `auth_user_user_permissions` ENABLE KEYS */;
UNLOCK TABLES;

--
-- Table structure for table `django_admin_log`
--

DROP TABLE IF EXISTS `django_admin_log`;
/*!40101 SET @saved_cs_client     = @@character_set_client */;
/*!40101 SET character_set_client = utf8 */;
CREATE TABLE `django_admin_log` (
  `id` int(11) NOT NULL AUTO_INCREMENT,
  `action_time` datetime NOT NULL,
  `user_id` int(11) NOT NULL,
  `content_type_id` int(11) DEFAULT NULL,
  `object_id` longtext,
  `object_repr` varchar(200) NOT NULL,
  `action_flag` smallint(5) unsigned NOT NULL,
  `change_message` longtext NOT NULL,
  PRIMARY KEY (`id`),
  KEY `django_admin_log_fbfc09f1` (`user_id`),
  KEY `django_admin_log_e4470c6e` (`content_type_id`),
  CONSTRAINT `content_type_id_refs_id_288599e6` FOREIGN KEY (`content_type_id`) REFERENCES `django_content_type` (`id`),
  CONSTRAINT `user_id_refs_id_c8665aa` FOREIGN KEY (`user_id`) REFERENCES `auth_user` (`id`)
) ENGINE=InnoDB AUTO_INCREMENT=323 DEFAULT CHARSET=utf8;
/*!40101 SET character_set_client = @saved_cs_client */;

--
-- Dumping data for table `django_admin_log`
--

LOCK TABLES `django_admin_log` WRITE;
/*!40000 ALTER TABLE `django_admin_log` DISABLE KEYS */;
INSERT INTO `django_admin_log` VALUES (1,'2013-08-02 11:27:29',1,20,'1','Дугарова Дарима Гатыповна',1,''),(2,'2013-08-02 11:50:13',1,20,'1','Дугарова Дарима Гатыповна',2,'Изменен description.'),(3,'2013-08-02 11:50:26',1,20,'1','Дугарова Дарима Гатыповна',2,'Изменен description.'),(4,'2013-08-02 11:50:44',1,20,'1','Дугарова Дарима Гатыповна',2,'Изменен description.'),(5,'2013-08-02 15:03:32',1,23,'1','Эстетическая косметология',1,''),(6,'2013-08-02 15:09:36',1,24,'1','Терапевтическая косметология',1,''),(7,'2013-08-02 15:10:10',1,24,'1','Терапевтическая косметология',3,''),(8,'2013-08-02 15:11:18',1,24,'2','Терапевтическая косметология',1,''),(9,'2013-08-02 15:11:46',1,24,'2','Терапевтическая косметология',2,'Ни одно поле не изменено.'),(10,'2013-08-02 15:11:58',1,24,'2','Терапевтическая косметология',2,'Ни одно поле не изменено.'),(11,'2013-08-02 15:12:35',1,24,'2','Терапевтическая косметология',2,'Изменен slug.'),(12,'2013-08-02 15:13:28',1,24,'3','Аппаратная косметология',1,''),(13,'2013-08-02 15:20:56',1,24,'4','Уходовые процедуры',1,''),(14,'2013-08-02 15:24:44',1,24,'5','Декоративная косметология',1,''),(15,'2013-08-02 15:27:21',1,23,'1','Эстетическая косметология',2,'Ни одно поле не изменено.'),(16,'2013-08-02 18:19:26',1,24,'2','Терапевтическая косметология',2,'Изменен description.'),(17,'2013-08-02 18:32:07',1,25,'1','Трихология',1,''),(18,'2013-08-02 18:33:05',1,25,'2','Дерматоонкология',1,''),(22,'2013-08-13 12:37:41',1,25,'3','Диагностика',1,''),(23,'2013-08-13 12:39:05',1,25,'4','Радиоволновое удаление',1,''),(24,'2013-08-13 12:43:16',1,13,'1','about_text',1,''),(25,'2013-08-13 12:43:23',1,13,'1','about_text',2,'Изменен value.'),(26,'2013-08-13 12:43:35',1,13,'1','about_text',2,'Изменен value.'),(27,'2013-08-13 14:41:01',1,35,'1','uploads/images/slider/slider-big-sample.png',1,''),(28,'2013-08-13 14:41:27',1,35,'2','uploads/images/slider/slider-small-sample.png',1,''),(29,'2013-08-13 14:41:35',1,35,'3','uploads/images/slider/slider-small-sample_1.png',1,''),(30,'2013-08-13 14:41:47',1,35,'4','uploads/images/slider/slider-medium-sample.png',1,''),(31,'2013-08-13 14:42:16',1,35,'5','uploads/images/slider/slider-medium-sample_1.png',1,''),(32,'2013-08-13 17:44:31',1,30,'1','Галлерея страницы \"О клинике\"',2,'Добавлен фотография \"uploads/images/galleries/Gallereya_stranitsyi_\"O_klinike\"/preview-sample.png\". Добавлен фотография \"uploads/images/galleries/Gallereya_stranitsyi_\"O_klinike\"/preview-sample_1.png\". Добавлен фотография \"uploads/images/galleries/Gallereya_stranitsyi_\"O_klinike\"/preview-sample_2.png\". Добавлен фотография \"uploads/images/galleries/Gallereya_stranitsyi_\"O_klinike\"/preview-sample_3.png\". Добавлен фотография \"uploads/images/galleries/Gallereya_stranitsyi_\"O_klinike\"/preview-sample_4.png\". Добавлен фотография \"uploads/images/galleries/Gallereya_stranitsyi_\"O_klinike\"/preview-sample_5.png\".'),(33,'2013-08-13 17:47:09',1,13,'2','map',1,''),(34,'2013-08-13 17:48:02',1,13,'2','map',2,'Изменен value.'),(35,'2013-08-13 18:18:48',1,34,'1','Новое направление',1,''),(36,'2013-08-13 18:24:54',1,34,'2','Омоложение E-Matrix',1,''),(37,'2013-08-13 18:25:29',1,34,'3','Vela Smooth',1,''),(38,'2013-08-13 18:33:39',1,34,'2','Омоложение E-Matrix',2,'Изменен show_on_index.'),(39,'2013-08-13 18:35:09',1,29,'1','Миссия и Политика',1,''),(40,'2013-08-13 18:35:42',1,29,'1','Миссия и Политика',2,'Изменен url.'),(41,'2013-08-13 18:36:34',1,29,'2','Общественная жизнь',1,''),(42,'2013-08-13 18:37:13',1,29,'3','Новости',1,''),(43,'2013-08-13 18:37:31',1,29,'4','Вакансии',1,''),(44,'2013-08-13 18:37:52',1,29,'5','Лицензии и сертификаты',1,''),(45,'2013-08-13 20:01:23',1,20,'1','Дугарова Дарима Гатыповна',2,'Изменен image.'),(46,'2013-08-13 20:04:21',1,20,'2','Фамилия Имя Отчество',1,''),(47,'2013-08-13 20:05:35',1,20,'3','Фамилия Имя Отчество',1,''),(48,'2013-08-13 20:06:08',1,20,'4','Фамилия Имя Отчество',1,''),(49,'2013-08-13 20:07:40',1,23,'2','Лечебно-восстановительная медицина',1,''),(50,'2013-08-13 20:07:57',1,23,'2','Лечебно-восстановительная медицина',2,'Ни одно поле не изменено.'),(51,'2013-08-13 20:08:04',1,23,'3','Эстетическая гинекология',1,''),(52,'2013-08-13 20:08:10',1,23,'4','SPA-услуги',1,''),(53,'2013-08-13 20:09:19',1,24,'6','Дерматология',1,''),(54,'2013-08-13 20:09:39',1,24,'6','Дерматология',2,'Изменен description.'),(55,'2013-08-13 20:10:01',1,24,'7','Массаж',1,''),(56,'2013-08-13 20:10:39',1,24,'8','Мануальная терапия',1,''),(57,'2013-08-13 20:11:04',1,24,'9','Гинекология',1,''),(58,'2013-08-13 20:11:41',1,24,'10','Antiage гинекология',1,''),(59,'2013-08-13 20:11:57',1,24,'11','Интимная контурная пластика',1,''),(60,'2013-08-13 20:12:19',1,24,'12','Хирургическая коррекция малых половых губ',1,''),(61,'2013-08-13 20:12:38',1,24,'13','Диагностика и лечение недержания мочи',1,''),(62,'2013-08-13 20:12:54',1,24,'14','Обертывание',1,''),(63,'2013-08-13 20:13:02',1,24,'15','Массажи',1,''),(64,'2013-08-13 20:13:16',1,24,'16','SPA-программы',1,''),(65,'2013-08-13 20:15:55',1,25,'1','Трихология',2,'Изменен description и side_text.'),(66,'2013-08-13 20:20:33',1,25,'1','Трихология',2,'Изменен description.'),(67,'2013-08-14 11:02:34',1,33,'1','Участвовали в подготовке Мисс Забайкалья',1,''),(68,'2013-08-14 11:03:11',1,33,'2','Фитнесс-вечеринки',1,''),(69,'2013-08-14 13:36:32',1,14,'1','Вакансии (/clinic/jobs/)',1,''),(70,'2013-08-14 13:36:52',1,14,'2','Лицензии и сертификаты (/clinic/licence/)',1,''),(71,'2013-08-14 19:14:34',1,30,'1','Галлерея страницы \"О клинике\"',2,'Изменены show_on_index для фотография \"uploads/images/galleries/Gallereya_stranitsyi_\"O_klinike\"/preview-sample.png\". Изменены show_on_index для фотография \"uploads/images/galleries/Gallereya_stranitsyi_\"O_klinike\"/preview-sample_1.png\". Изменены show_on_index для фотография \"uploads/images/galleries/Gallereya_stranitsyi_\"O_klinike\"/preview-sample_2.png\". Изменены show_on_index для фотография \"uploads/images/galleries/Gallereya_stranitsyi_\"O_klinike\"/preview-sample_3.png\". Изменены show_on_index для фотография \"uploads/images/galleries/Gallereya_stranitsyi_\"O_klinike\"/preview-sample_4.png\". Изменены show_on_index для фотография \"uploads/images/galleries/Gallereya_stranitsyi_\"O_klinike\"/preview-sample_5.png\".'),(72,'2013-08-15 14:20:58',1,3,'2','admin',1,''),(73,'2013-08-15 14:21:04',1,3,'2','admin',2,'Изменен password,is_staff и is_superuser.'),(74,'2013-08-15 15:39:35',1,34,'2','Омоложение E-Matrix',2,'Изменен full_text.'),(75,'2013-08-15 15:51:40',1,34,'2','Омоложение E-Matrix',2,'Изменен full_text.'),(76,'2013-08-15 15:52:04',1,34,'2','Омоложение E-Matrix',2,'Изменен full_text.'),(77,'2013-08-15 15:52:25',1,34,'2','Омоложение E-Matrix',2,'Изменен full_text.'),(78,'2013-08-15 16:13:21',2,25,'5','Контурная пластика',1,''),(79,'2013-08-15 16:14:10',2,25,'5','Контурная пластика',2,'Ни одно поле не изменено.'),(80,'2013-08-15 16:18:00',2,25,'6','Мезотерапия',1,''),(81,'2013-08-15 16:18:54',2,25,'6','Мезотерапия',2,'Ни одно поле не изменено.'),(82,'2013-08-15 16:28:39',2,25,'7','Биоревитализация',1,''),(83,'2013-08-15 16:29:23',2,25,'7','Биоревитализация',2,'Изменен description.'),(84,'2013-08-15 16:29:27',2,25,'7','Биоревитализация',2,'Ни одно поле не изменено.'),(85,'2013-08-15 16:29:47',2,25,'7','Биоревитализация',2,'Изменен description.'),(86,'2013-08-15 16:30:13',2,25,'7','Биоревитализация',2,'Ни одно поле не изменено.'),(87,'2013-08-15 16:38:47',2,25,'8','Объемное моделирование',1,''),(88,'2013-08-15 16:39:22',2,25,'8','Объемное моделирование',2,'Изменен short_description,description и side_text.'),(89,'2013-08-15 16:39:26',2,25,'8','Объемное моделирование',2,'Ни одно поле не изменено.'),(90,'2013-08-15 16:40:22',2,25,'9','Ботулотерапия',1,''),(91,'2013-08-15 16:40:50',2,25,'9','Ботулотерапия',2,'Ни одно поле не изменено.'),(92,'2013-08-15 17:02:33',2,25,'10','Химический пилинг',1,''),(93,'2013-08-15 17:03:10',2,25,'10','Химический пилинг',2,'Ни одно поле не изменено.'),(94,'2013-08-15 17:03:52',2,25,'11','Нитевое омоложение',1,''),(95,'2013-08-15 17:04:31',2,25,'11','Нитевое омоложение',2,'Ни одно поле не изменено.'),(96,'2013-08-15 17:05:26',2,25,'12','плазмолифтинг',1,''),(97,'2013-08-15 17:05:37',2,25,'12','Плазмолифтинг',2,'Изменен title.'),(98,'2013-08-15 17:05:50',2,25,'12','Плазмолифтинг',2,'Ни одно поле не изменено.'),(99,'2013-08-15 17:07:24',2,25,'13','Лаеннек/Курасен.',1,''),(100,'2013-08-15 17:07:32',2,25,'13','Лаеннек/Курасен.',2,'Ни одно поле не изменено.'),(101,'2013-08-15 17:20:54',2,25,'14','Elos омоложение',1,''),(102,'2013-08-15 17:21:16',2,25,'14','Elos омоложение',2,'Изменен description.'),(103,'2013-08-15 17:21:29',2,25,'14','Elos омоложение',2,'Изменен description.'),(104,'2013-08-15 17:21:52',2,25,'14','Elos омоложение',2,'Изменен description.'),(105,'2013-08-15 17:22:14',2,25,'14','Elos омоложение',2,'Изменен description.'),(106,'2013-08-15 17:22:30',2,25,'14','Elos омоложение',2,'Ни одно поле не изменено.'),(107,'2013-08-15 17:23:23',2,25,'15','Элос коагуляция пигментных образований',1,''),(108,'2013-08-15 17:24:30',2,25,'15','Элос коагуляция пигментных образований',2,'Ни одно поле не изменено.'),(109,'2013-08-15 17:25:37',2,25,'14','Элос омоложение',2,'Изменен title.'),(110,'2013-08-15 17:34:23',2,25,'16','Элос-коагуляция  сосудистых образований',1,''),(111,'2013-08-15 17:34:38',2,25,'16','Элос коагуляция  сосудистых образований',2,'Изменен title.'),(112,'2013-08-15 17:34:46',2,25,'16','Элос коагуляция  сосудистых образований',2,'Ни одно поле не изменено.'),(113,'2013-08-15 17:35:45',2,25,'17','Фракционный фототермолиз MXIR',1,''),(114,'2013-08-15 17:35:51',2,25,'17','Фракционный фототермолиз MXIR',2,'Ни одно поле не изменено.'),(115,'2013-08-15 17:36:34',2,25,'18','Фракционная шлифовка',1,''),(116,'2013-08-15 17:36:36',2,25,'18','Фракционная шлифовка',2,'Ни одно поле не изменено.'),(117,'2013-08-15 17:36:59',2,25,'19','RF',1,''),(118,'2013-08-15 17:37:09',2,25,'19','RF',2,'Ни одно поле не изменено.'),(119,'2013-08-15 17:37:21',2,25,'20','CO2',1,''),(120,'2013-08-15 17:37:56',2,25,'20','CO2',2,'Ни одно поле не изменено.'),(121,'2013-08-15 17:38:25',2,25,'21','Элос лечение акне',1,''),(122,'2013-08-15 17:39:02',2,25,'21','Элос лечение акне',2,'Ни одно поле не изменено.'),(123,'2013-08-15 17:39:12',2,25,'22','Термолифтинг',1,''),(124,'2013-08-15 17:39:24',2,25,'22','Термолифтинг',2,'Ни одно поле не изменено.'),(125,'2013-08-15 17:41:08',2,25,'23','УЗ лифтинг на уровне SMAS',1,''),(126,'2013-08-15 17:41:23',2,25,'23','УЗ лифтинг на уровне SMAS',2,'Ни одно поле не изменено.'),(127,'2013-08-15 17:44:56',2,25,'24','Коррекция фигуры на аппарате Vela Shape',1,''),(128,'2013-08-15 17:45:23',2,25,'24','Коррекция фигуры на аппарате Vela Shape',2,'Ни одно поле не изменено.'),(129,'2013-08-15 17:49:59',2,25,'25','Коррекция фигуры на аппарате Kestos',1,''),(130,'2013-08-15 17:50:19',2,25,'25','Коррекция фигуры на аппарате Kestos',2,'Ни одно поле не изменено.'),(131,'2013-08-15 17:55:10',2,25,'26',' Биоэлектрическая коррекция фигуры на аппарате Транзион',1,''),(132,'2013-08-15 17:55:30',2,25,'26',' Биоэлектрическая коррекция фигуры на аппарате Транзион',2,'Ни одно поле не изменено.'),(133,'2013-08-15 17:56:16',2,25,'27','УВ терапия',1,''),(134,'2013-08-15 17:56:43',2,25,'27','УВ терапия',2,'Ни одно поле не изменено.'),(135,'2013-08-15 18:00:12',2,25,'28','Эпиляция волос',1,''),(136,'2013-08-15 18:00:16',2,25,'28','Эпиляция волос',2,'Ни одно поле не изменено.'),(137,'2013-08-15 18:05:19',2,25,'29','Электроэпиляция',1,''),(138,'2013-08-15 18:06:07',2,25,'29','Электроэпиляция',2,'Ни одно поле не изменено.'),(139,'2013-08-15 18:08:35',2,25,'30','Биоэпиляция',1,''),(140,'2013-08-15 18:09:00',2,25,'30','Биоэпиляция',2,'Изменен parent.'),(141,'2013-08-15 18:09:35',2,25,'30','Биоэпиляция',2,'Ни одно поле не изменено.'),(142,'2013-08-15 18:09:52',2,25,'31','Воск',1,''),(143,'2013-08-15 18:10:19',2,25,'31','Воск',3,''),(144,'2013-08-15 18:10:47',2,30,'1','Галлерея страницы \"О клинике\"',2,'Удален фотография \"uploads/images/galleries/Gallereya_stranitsyi_\"O_klinike\"/preview-sample.png\". Удален фотография \"uploads/images/galleries/Gallereya_stranitsyi_\"O_klinike\"/preview-sample_1.png\". Удален фотография \"uploads/images/galleries/Gallereya_stranitsyi_\"O_klinike\"/preview-sample_2.png\". Удален фотография \"uploads/images/galleries/Gallereya_stranitsyi_\"O_klinike\"/preview-sample_3.png\". Удален фотография \"uploads/images/galleries/Gallereya_stranitsyi_\"O_klinike\"/preview-sample_4.png\". Удален фотография \"uploads/images/galleries/Gallereya_stranitsyi_\"O_klinike\"/preview-sample_5.png\".'),(145,'2013-08-15 18:11:04',2,30,'1','Галлерея страницы \"О клинике\"',2,'Добавлен фотография \"uploads/images/galleries/Gallereya_stranitsyi_\"O_klinike\"/DSC_6691.jpg\". Добавлен фотография \"uploads/images/galleries/Gallereya_stranitsyi_\"O_klinike\"/DSC_6695.jpg\". Добавлен фотография \"uploads/images/galleries/Gallereya_stranitsyi_\"O_klinike\"/DSC_6702.jpg\". Добавлен фотография \"uploads/images/galleries/Gallereya_stranitsyi_\"O_klinike\"/DSC_6709.jpg\".'),(146,'2013-08-15 18:12:25',1,30,'1','Галлерея страницы \"О клинике\"',2,'Изменены show_on_index для фотография \"uploads/images/galleries/Gallereya_stranitsyi_\"O_klinike\"/DSC_6691.jpg\". Изменены show_on_index для фотография \"uploads/images/galleries/Gallereya_stranitsyi_\"O_klinike\"/DSC_6695.jpg\". Изменены show_on_index для фотография \"uploads/images/galleries/Gallereya_stranitsyi_\"O_klinike\"/DSC_6702.jpg\". Изменены show_on_index для фотография \"uploads/images/galleries/Gallereya_stranitsyi_\"O_klinike\"/DSC_6709.jpg\".'),(147,'2013-08-15 18:15:39',2,25,'30','Биоэпиляция',2,'Изменен description.'),(148,'2013-08-15 18:15:56',2,35,'6','uploads/images/slider/DSC_6691.jpg',1,''),(149,'2013-08-15 18:15:57',2,25,'30','Биоэпиляция',2,'Ни одно поле не изменено.'),(150,'2013-08-15 18:19:41',2,30,'1','Галлерея страницы \"О клинике\"',2,'Изменены show_on_index для фотография \"uploads/images/galleries/Gallereya_stranitsyi_\"O_klinike\"/DSC_6691.jpg\". Изменены show_on_index для фотография \"uploads/images/galleries/Gallereya_stranitsyi_\"O_klinike\"/DSC_6702.jpg\". Изменены show_on_index для фотография \"uploads/images/galleries/Gallereya_stranitsyi_\"O_klinike\"/DSC_6709.jpg\". Удален фотография \"uploads/images/galleries/Gallereya_stranitsyi_\"O_klinike\"/DSC_6695.jpg\".'),(151,'2013-08-15 18:19:52',2,30,'1','Галлерея страницы \"О клинике\"',2,'Удален фотография \"uploads/images/galleries/Gallereya_stranitsyi_\"O_klinike\"/DSC_6702.jpg\".'),(152,'2013-08-15 18:20:04',2,30,'1','Галлерея страницы \"О клинике\"',2,'Добавлен фотография \"uploads/images/galleries/Gallereya_stranitsyi_\"O_klinike\"/DSC_6695_1.jpg\".'),(153,'2013-08-15 18:20:17',2,25,'32','Elos эпиляция',1,''),(154,'2013-08-15 18:25:00',2,30,'1','Галлерея страницы \"О клинике\"',2,'Добавлен фотография \"uploads/images/galleries/Gallereya_stranitsyi_\"O_klinike\"/DSC_6712.jpg\". Добавлен фотография \"uploads/images/galleries/Gallereya_stranitsyi_\"O_klinike\"/DSC_6750.jpg\". Добавлен фотография \"uploads/images/galleries/Gallereya_stranitsyi_\"O_klinike\"/DSC_6759.jpg\". Добавлен фотография \"uploads/images/galleries/Gallereya_stranitsyi_\"O_klinike\"/DSC_6768.jpg\". Добавлен фотография \"uploads/images/galleries/Gallereya_stranitsyi_\"O_klinike\"/DSC_6780-1.jpg\". Добавлен фотография \"uploads/images/galleries/Gallereya_stranitsyi_\"O_klinike\"/DSC_6826.jpg\". Добавлен фотография \"uploads/images/galleries/Gallereya_stranitsyi_\"O_klinike\"/DSC_6845.jpg\". Добавлен фотография \"uploads/images/galleries/Gallereya_stranitsyi_\"O_klinike\"/DSC_6871.jpg\". Добавлен фотография \"uploads/images/galleries/Gallereya_stranitsyi_\"O_klinike\"/DSC_6882.jpg\".'),(155,'2013-08-15 18:41:17',2,30,'1','Галлерея страницы \"О клинике\"',2,'Изменены show_on_index для фотография \"uploads/images/galleries/Gallereya_stranitsyi_\"O_klinike\"/DSC_6691.jpg\". Изменены show_on_index для фотография \"uploads/images/galleries/Gallereya_stranitsyi_\"O_klinike\"/DSC_6695_1.jpg\". Изменены show_on_index для фотография \"uploads/images/galleries/Gallereya_stranitsyi_\"O_klinike\"/DSC_6750.jpg\". Изменены show_on_index для фотография \"uploads/images/galleries/Gallereya_stranitsyi_\"O_klinike\"/DSC_6759.jpg\". Изменены show_on_index для фотография \"uploads/images/galleries/Gallereya_stranitsyi_\"O_klinike\"/DSC_6826.jpg\". Изменены show_on_index для фотография \"uploads/images/galleries/Gallereya_stranitsyi_\"O_klinike\"/DSC_6882.jpg\".'),(156,'2013-08-15 18:41:49',2,30,'1','Галлерея страницы \"О клинике\"',2,'Изменены show_on_index для фотография \"uploads/images/galleries/Gallereya_stranitsyi_\"O_klinike\"/DSC_6712.jpg\". Изменены show_on_index для фотография \"uploads/images/galleries/Gallereya_stranitsyi_\"O_klinike\"/DSC_6750.jpg\".'),(157,'2013-08-15 18:42:47',2,20,'3','Васильева Оксана Сергеевна',2,'Изменен initials.'),(158,'2013-08-15 18:43:05',2,20,'2','Исакова Татьяна Ивановна',2,'Изменен initials.'),(159,'2013-08-15 18:43:27',2,20,'4','Лиценберг Марина Сергеевна',2,'Изменен initials.'),(160,'2013-08-15 18:44:48',2,20,'2','Исакова Татьяна Ивановна',2,'Изменен title.'),(161,'2013-08-15 19:29:56',2,25,'32','Elos эпиляция',2,'Ни одно поле не изменено.'),(162,'2013-08-15 19:31:55',2,25,'33','Уход за лицом',1,''),(163,'2013-08-15 19:32:15',2,25,'33','Уход за лицом',2,'Ни одно поле не изменено.'),(164,'2013-08-15 19:33:14',2,25,'34','Изоджей',1,''),(165,'2013-08-15 19:33:59',2,25,'34','Изоджей',2,'Ни одно поле не изменено.'),(166,'2013-08-15 19:34:20',2,25,'35','МТТ',1,''),(167,'2013-08-15 19:34:25',2,25,'35','МТТ',2,'Ни одно поле не изменено.'),(168,'2013-08-15 19:35:02',2,25,'36','ГЖ Пилинг',1,''),(169,'2013-08-15 19:35:05',2,25,'36','ГЖ Пилинг',2,'Ни одно поле не изменено.'),(170,'2013-08-15 19:35:33',2,25,'37','Ультразвуковая терапия',1,''),(171,'2013-08-15 19:35:36',2,25,'37','Ультразвуковая терапия',2,'Ни одно поле не изменено.'),(172,'2013-08-15 19:36:48',2,25,'38','Массажные техники',1,''),(173,'2013-08-15 19:36:50',2,25,'38','Массажные техники',2,'Ни одно поле не изменено.'),(174,'2013-08-15 19:37:29',2,25,'39','Комплексные чистки',1,''),(175,'2013-08-15 19:37:39',2,25,'39','Комплексные чистки',2,'Ни одно поле не изменено.'),(176,'2013-08-15 19:37:41',2,25,'39','Комплексные чистки',2,'Ни одно поле не изменено.'),(177,'2013-08-15 19:38:53',2,25,'40','Уходовые программы для лица',1,''),(178,'2013-08-15 19:38:55',2,25,'40','Уходовые программы для лица',2,'Ни одно поле не изменено.'),(179,'2013-08-15 19:42:47',2,25,'41','Уход за телом',1,''),(180,'2013-08-15 19:42:56',2,25,'41','Уход за телом',2,'Ни одно поле не изменено.'),(181,'2013-08-15 19:46:49',2,25,'42','Обертывания',1,''),(182,'2013-08-15 19:47:00',2,25,'42','Обертывания',2,'Ни одно поле не изменено.'),(183,'2013-08-15 19:48:01',2,25,'43','Программы Holy Land',1,''),(184,'2013-08-15 19:48:05',2,25,'43','Программы Holy Land',2,'Ни одно поле не изменено.'),(185,'2013-08-15 19:48:45',2,25,'44','Программы Guam',1,''),(186,'2013-08-15 19:49:42',2,25,'45','Программы жернетик',1,''),(187,'2013-08-15 19:56:59',2,25,'46','Перманентный макияж',1,''),(188,'2013-08-15 19:57:57',2,25,'46','Перманентный макияж',2,'Ни одно поле не изменено.'),(189,'2013-08-15 19:58:14',2,25,'47','Контурный макияж',1,''),(190,'2013-08-15 20:01:37',2,25,'48','Завивка ресниц',1,''),(191,'2013-08-15 20:01:39',2,25,'48','Завивка ресниц',2,'Ни одно поле не изменено.'),(192,'2013-08-15 20:02:40',2,25,'49','Покраска ресниц и бровей',1,''),(193,'2013-08-15 20:02:44',2,25,'49','Покраска ресниц и бровей',2,'Ни одно поле не изменено.'),(194,'2013-08-15 20:13:19',2,25,'50','Пирсинг',1,''),(195,'2013-08-15 20:13:52',2,25,'50','Пирсинг',2,'Изменен short_description.'),(196,'2013-08-15 20:18:48',2,25,'50','Пирсинг',2,'Ни одно поле не изменено.'),(197,'2013-08-15 20:20:11',2,25,'51','Био-тату',1,''),(198,'2013-08-15 20:21:20',2,25,'52','Маникюр и педикюр',1,''),(199,'2013-08-15 20:22:05',2,25,'52','Маникюр и педикюр',2,'Ни одно поле не изменено.'),(200,'2013-08-15 20:23:05',2,25,'53','Консультативный прием дерматолога',1,''),(201,'2013-08-15 20:23:46',2,25,'54','Лечение и профилактика угревой болезни',1,''),(202,'2013-08-15 20:24:40',2,25,'54','Лечение и профилактика угревой болезни',2,'Ни одно поле не изменено.'),(203,'2013-08-15 20:24:52',2,25,'55','Лечение и профилактика демодекса',1,''),(204,'2013-08-15 20:25:23',2,25,'55','Лечение и профилактика демодекса',2,'Ни одно поле не изменено.'),(205,'2013-08-15 20:25:50',2,25,'56','Лечение и профилактика перорального дерматита',1,''),(206,'2013-08-15 20:25:54',2,25,'56','Лечение и профилактика перорального дерматита',2,'Ни одно поле не изменено.'),(207,'2013-08-15 20:26:40',2,25,'57','Лечение розацеа',1,''),(208,'2013-08-15 20:27:53',2,25,'58','Коррекция и уход за проблемной кожей в любом возрасте',1,''),(209,'2013-08-15 20:27:57',2,25,'58','Коррекция и уход за проблемной кожей в любом возрасте',2,'Ни одно поле не изменено.'),(210,'2013-08-15 20:33:53',2,25,'59','Антицеллюлитный массаж',1,''),(211,'2013-08-15 20:36:53',2,25,'60','Лимфодренажный массаж',1,''),(212,'2013-08-15 20:36:59',2,25,'59','Антицеллюлитный массаж',2,'Изменен description.'),(213,'2013-08-15 20:37:52',2,25,'60','Лимфодренажный массаж',2,'Изменен description.'),(214,'2013-08-16 04:44:57',1,14,'2','Лицензии и сертификаты (/clinic/licence/)',3,''),(215,'2013-08-16 04:48:14',1,39,'1','Сертификат',1,''),(216,'2013-08-16 06:42:14',1,37,'1','Январь',1,''),(217,'2013-08-16 10:51:14',2,25,'61','Остеопатия',1,''),(218,'2013-08-16 10:53:31',2,24,'3','Аппаратная косметология',2,'Изменен description.'),(219,'2013-08-16 10:54:50',2,24,'6','Дерматология',2,'Изменен description.'),(220,'2013-08-16 10:56:02',2,24,'7','Массаж',2,'Изменен description.'),(221,'2013-08-16 10:57:27',2,24,'8','Мануальная терапия',2,'Изменен description.'),(222,'2013-08-16 11:07:46',2,25,'62','Лечебный массаж',1,''),(223,'2013-08-16 11:08:48',2,25,'62','Лечебный массаж',2,'Изменен description.'),(224,'2013-08-16 11:09:27',2,25,'62','Лечебный массаж',3,''),(225,'2013-08-16 11:16:49',2,25,'63','Лечебный массаж',1,''),(226,'2013-08-16 11:17:09',2,25,'63','Лечебный массаж',2,'Ни одно поле не изменено.'),(227,'2013-08-16 11:18:15',2,25,'64','Массажем по триггерным точкам',1,''),(228,'2013-08-16 11:18:28',2,25,'64','Массаж по триггерным точкам',2,'Изменен title.'),(229,'2013-08-16 11:18:41',2,25,'64','Массаж по триггерным точкам',2,'Ни одно поле не изменено.'),(230,'2013-08-16 11:18:52',2,25,'65','УВТ',1,''),(231,'2013-08-16 11:20:23',2,24,'9','Гинекология',2,'Изменен description.'),(232,'2013-08-16 11:20:59',2,25,'65','УВТ',2,'Ни одно поле не изменено.'),(233,'2013-08-16 11:23:43',2,25,'66','Прием врача акушера-гинеколога',1,''),(234,'2013-08-16 11:24:56',2,25,'66','Прием врача акушера-гинеколога',2,'Ни одно поле не изменено.'),(235,'2013-08-16 11:25:25',2,25,'67','Профилактический осмотр',1,''),(236,'2013-08-16 11:25:36',2,25,'67','Профилактический осмотр',2,'Ни одно поле не изменено.'),(237,'2013-08-16 11:26:09',2,25,'68','Лечение ИППП',1,''),(238,'2013-08-16 11:26:30',2,25,'68','Лечение ИППП',2,'Ни одно поле не изменено.'),(239,'2013-08-16 11:26:45',2,25,'69','Лечение эрозии шейки матки',1,''),(240,'2013-08-16 11:26:48',2,25,'69','Лечение эрозии шейки матки',2,'Ни одно поле не изменено.'),(241,'2013-08-16 11:27:20',2,25,'70','Прегравидарная подготовка',1,''),(242,'2013-08-16 11:27:27',2,25,'70','Прегравидарная подготовка',2,'Ни одно поле не изменено.'),(243,'2013-08-16 11:34:39',2,25,'71','Прием гинеколога-эндокринолога',1,''),(244,'2013-08-16 11:35:02',2,25,'71','Прием гинеколога-эндокринолога',2,'Ни одно поле не изменено.'),(245,'2013-08-16 11:35:19',2,25,'72','Консультативный прием',1,''),(246,'2013-08-16 11:36:07',2,25,'73',' Диагностические манипуляции',1,''),(247,'2013-08-16 11:38:46',2,25,'74','Лечение',1,''),(248,'2013-08-16 11:39:16',2,25,'74','Лечение',2,'Ни одно поле не изменено.'),(249,'2013-08-16 11:39:29',2,25,'75','Радиоволновая коагуляция',1,''),(250,'2013-08-16 11:40:16',2,25,'76','Полипэктомия шейки матки',1,''),(251,'2013-08-16 11:41:04',2,25,'77','Радиоволновая конизация шейки матки',1,''),(252,'2013-08-16 11:41:44',2,25,'78','Удаление грануляций влагалища',1,''),(253,'2013-08-16 11:42:19',2,25,'79','Обработка шейки матки',1,''),(254,'2013-08-16 11:42:56',2,25,'80','Гинекологический массаж',1,''),(255,'2013-08-16 11:43:33',2,25,'81','Удаление кондилом медикаментозное',1,''),(256,'2013-08-16 11:44:02',2,25,'82','Введение и удаление ВМС',1,''),(257,'2013-08-16 11:48:08',2,24,'10','Anti-age гинекология',2,'Изменен title и description.'),(258,'2013-08-16 11:48:57',2,24,'11','Интимная контурная пластика',2,'Ни одно поле не изменено.'),(259,'2013-08-16 11:50:51',2,24,'12','Хирургическая коррекция малых половых губ',2,'Изменен description.'),(260,'2013-08-16 11:54:33',2,24,'14','Обертывание',2,'Изменен description.'),(261,'2013-08-16 11:57:42',2,24,'15','Массажи',2,'Изменен description.'),(262,'2013-08-16 12:02:31',2,25,'83','Антицеллюлитный массаж',1,''),(263,'2013-08-16 12:02:49',2,25,'83','Антицеллюлитный массаж',2,'Ни одно поле не изменено.'),(264,'2013-08-16 12:04:49',2,25,'84','Русский Spa–массаж',1,''),(265,'2013-08-16 12:09:04',2,25,'85','Массаж стоп и кистей рук',1,''),(266,'2013-08-16 12:09:25',2,25,'85','Массаж стоп и кистей рук',2,'Ни одно поле не изменено.'),(267,'2013-08-16 12:12:08',2,25,'86','Фитнес-массаж',1,''),(268,'2013-08-16 12:12:17',2,25,'86','Фитнес-массаж',2,'Ни одно поле не изменено.'),(269,'2013-08-16 12:15:03',2,25,'87','Аюрведический массаж',1,''),(270,'2013-08-16 12:15:15',2,25,'87','Аюрведический массаж',2,'Ни одно поле не изменено.'),(271,'2013-08-16 12:19:02',2,25,'88','Стоун-массаж',1,''),(272,'2013-08-16 12:22:28',2,25,'88','Стоун-массаж',2,'Ни одно поле не изменено.'),(273,'2013-08-16 12:22:40',2,25,'89','Реаформирующий массаж',1,''),(274,'2013-08-16 12:26:57',2,24,'16','SPA-программы',2,'Изменен description.'),(275,'2013-08-16 12:28:49',2,25,'90','«Цветочное блаженство»',1,''),(276,'2013-08-16 12:30:05',2,25,'91','«День невесты»',1,''),(277,'2013-08-16 12:31:55',2,25,'92','«Мифология»',1,''),(278,'2013-08-16 12:32:10',2,25,'92','«Мифология»',2,'Ни одно поле не изменено.'),(279,'2013-08-16 12:34:38',2,25,'93','«Шоколадное удовольствие»',1,''),(280,'2013-08-16 12:37:06',2,25,'94','«Бархатная кожа»',1,''),(281,'2013-08-16 17:33:31',2,37,'2','Февраль',1,''),(282,'2013-08-16 17:33:39',2,37,'3','Март',1,''),(283,'2013-08-16 17:33:43',2,37,'4','Апрель',1,''),(284,'2013-08-16 17:33:47',2,37,'5','Май',1,''),(285,'2013-08-16 17:33:50',2,37,'6','Июнь',1,''),(286,'2013-08-16 17:33:55',2,37,'7','Июль',1,''),(287,'2013-08-16 17:33:59',2,37,'8','Август',1,''),(288,'2013-08-16 17:34:04',2,37,'9','Сентябрь',1,''),(289,'2013-08-16 17:34:11',2,37,'10','Октябрь',1,''),(290,'2013-08-16 17:34:18',2,37,'11','Ноябрь',1,''),(291,'2013-08-16 17:34:23',2,37,'12','Декабрь',1,''),(292,'2013-08-16 17:34:40',2,37,'2','Февраль',2,'Изменен order.'),(293,'2013-08-16 17:34:49',2,37,'12','Декабрь',2,'Изменен order.'),(294,'2013-08-16 17:35:01',2,37,'1','Январь',2,'Изменен order.'),(295,'2013-08-16 17:35:06',2,37,'2','Февраль',2,'Изменен order.'),(296,'2013-08-16 17:35:11',2,37,'3','Март',2,'Изменен order.'),(297,'2013-08-16 17:35:18',2,37,'12','Декабрь',2,'Изменен order.'),(298,'2013-08-16 17:35:25',2,37,'4','Апрель',2,'Изменен order.'),(299,'2013-08-16 17:35:29',2,37,'5','Май',2,'Изменен order.'),(300,'2013-08-16 17:35:33',2,37,'6','Июнь',2,'Изменен order.'),(301,'2013-08-16 17:35:37',2,37,'7','Июль',2,'Изменен order.'),(302,'2013-08-16 17:35:46',2,37,'8','Август',2,'Изменен order.'),(303,'2013-08-16 17:35:50',2,37,'9','Сентябрь',2,'Изменен order.'),(304,'2013-08-16 17:35:56',2,37,'10','Октябрь',2,'Изменен order.'),(305,'2013-08-16 17:36:01',2,37,'11','Ноябрь',2,'Изменен order.'),(306,'2013-08-16 17:38:23',2,36,'1','Самое время',1,''),(307,'2013-08-16 17:38:23',2,36,'2','Самое время',1,''),(308,'2013-08-16 17:38:31',2,36,'2','Самое время',3,''),(309,'2013-08-16 17:38:37',2,36,'3','Рекомендуем',1,''),(310,'2013-08-16 17:38:44',2,36,'4','Всегда актуально',1,''),(311,'2013-08-16 17:42:44',2,20,'5','Соколова Наталья Викторовна',1,''),(312,'2013-08-16 17:43:36',2,20,'6','Чижова Ольга Николаевна',1,''),(313,'2013-08-16 17:58:42',2,14,'3','Полезная информация (/info/)',1,''),(314,'2013-08-16 18:05:17',2,35,'4','uploads/images/slider/1.jpg',2,'Изменен image.'),(315,'2013-08-16 18:05:36',2,35,'7','uploads/images/slider/2.jpg',1,''),(316,'2013-08-16 18:08:07',2,35,'5','uploads/images/slider/3.jpg',2,'Изменен image.'),(317,'2013-08-16 18:09:35',2,35,'8','uploads/images/slider/4.jpg',1,''),(318,'2013-08-16 18:14:24',2,35,'7','uploads/images/slider/5.jpg',2,'Изменен image.'),(319,'2013-08-16 18:17:12',2,35,'1','uploads/images/slider/6.jpg',2,'Изменен image.'),(320,'2013-08-16 18:18:34',2,35,'2','uploads/images/slider/7.jpg',2,'Изменен image.'),(321,'2013-08-16 18:19:45',2,35,'3','uploads/images/slider/8.jpg',2,'Изменен image.'),(322,'2013-08-16 19:35:45',1,13,'3','main_email',1,'');
/*!40000 ALTER TABLE `django_admin_log` ENABLE KEYS */;
UNLOCK TABLES;

--
-- Table structure for table `django_content_type`
--

DROP TABLE IF EXISTS `django_content_type`;
/*!40101 SET @saved_cs_client     = @@character_set_client */;
/*!40101 SET character_set_client = utf8 */;
CREATE TABLE `django_content_type` (
  `id` int(11) NOT NULL AUTO_INCREMENT,
  `name` varchar(100) NOT NULL,
  `app_label` varchar(100) NOT NULL,
  `model` varchar(100) NOT NULL,
  PRIMARY KEY (`id`),
  UNIQUE KEY `app_label` (`app_label`,`model`)
) ENGINE=InnoDB AUTO_INCREMENT=40 DEFAULT CHARSET=utf8;
/*!40101 SET character_set_client = @saved_cs_client */;

--
-- Dumping data for table `django_content_type`
--

LOCK TABLES `django_content_type` WRITE;
/*!40000 ALTER TABLE `django_content_type` DISABLE KEYS */;
INSERT INTO `django_content_type` VALUES (1,'permission','auth','permission'),(2,'group','auth','group'),(3,'user','auth','user'),(4,'content type','contenttypes','contenttype'),(5,'session','sessions','session'),(6,'site','sites','site'),(7,'log entry','admin','logentry'),(8,'kv store','thumbnail','kvstore'),(9,'migration history','south','migrationhistory'),(10,'bookmark','menu','bookmark'),(11,'dashboard preferences','dashboard','dashboardpreferences'),(12,'menu_item','siteblocks','sitemenu'),(13,'site_setting','siteblocks','settings'),(14,'page_item','pages','page'),(15,'файл','pages','pagedoc'),(16,'картинка','pages','pagepic'),(17,'meta','pages','metadata'),(18,'news_category','newsboard','newscategory'),(19,'news_item','newsboard','news'),(20,'специалист','specs','spec'),(21,'вопрос','specs','question'),(22,'отзыв','reviews','review'),(23,'раздел','services','category'),(24,'подраздел','services','subcategory'),(25,'услуга','services','service'),(28,'цена услуги','services','price'),(29,'элемент меню страницы клиники','siteblocks','clinicmenu'),(30,'фотогаллерея','siteblocks','gallery'),(31,'фотография','siteblocks','galleryimage'),(32,'запись на процедуру','services','servicesign'),(33,'','articles','social'),(34,'','articles','newsitem'),(35,'элемент слайдера','siteblocks','slideritem'),(36,'тип рекомендации','services','recomendationtype'),(37,'месяц','services','month'),(38,'рекомендация','services','recomendation'),(39,'лицензия или сертификат','articles','licence');
/*!40000 ALTER TABLE `django_content_type` ENABLE KEYS */;
UNLOCK TABLES;

--
-- Table structure for table `django_session`
--

DROP TABLE IF EXISTS `django_session`;
/*!40101 SET @saved_cs_client     = @@character_set_client */;
/*!40101 SET character_set_client = utf8 */;
CREATE TABLE `django_session` (
  `session_key` varchar(40) NOT NULL,
  `session_data` longtext NOT NULL,
  `expire_date` datetime NOT NULL,
  PRIMARY KEY (`session_key`),
  KEY `django_session_c25c2c28` (`expire_date`)
) ENGINE=InnoDB DEFAULT CHARSET=utf8;
/*!40101 SET character_set_client = @saved_cs_client */;

--
-- Dumping data for table `django_session`
--

LOCK TABLES `django_session` WRITE;
/*!40000 ALTER TABLE `django_session` DISABLE KEYS */;
INSERT INTO `django_session` VALUES ('015e2a473c9c6f2910381bfa39ce017e','NzcwNjIxNWI0YTgzZDlmMTFkODBlZmYwNThlMTg3NDlmNTFhOWEzNDqAAn1xAShVEl9hdXRoX3Vz\nZXJfYmFja2VuZHECVSlkamFuZ28uY29udHJpYi5hdXRoLmJhY2tlbmRzLk1vZGVsQmFja2VuZHED\nVQ1fYXV0aF91c2VyX2lkcQSKAQJ1Lg==\n','2013-08-29 14:21:22'),('0f2feda905a2ce9cf0d446d550a57528','YWFlYTE0OTFjOTE3ZDk1OTNiNjM2YmIxNjU0MGJmN2E5MTZlMjUwZTqAAn1xAVUKdGVzdGNvb2tp\nZXECVQZ3b3JrZWRxA3Mu\n','2013-08-30 13:36:45'),('3aec7a531d03dacf3a5109c7b510ab1e','N2MzYzdlM2MzOTdlNDY0ODc4NTM0ODk0MDI1M2NlM2EyYzQ4ODFmMjqAAn1xAShVEl9hdXRoX3Vz\nZXJfYmFja2VuZHECVSlkamFuZ28uY29udHJpYi5hdXRoLmJhY2tlbmRzLk1vZGVsQmFja2VuZHED\nVQ1fYXV0aF91c2VyX2lkcQSKAQF1Lg==\n','2013-08-27 12:33:55'),('3c6293c023200b26e455097e46c114ee','N2MzYzdlM2MzOTdlNDY0ODc4NTM0ODk0MDI1M2NlM2EyYzQ4ODFmMjqAAn1xAShVEl9hdXRoX3Vz\nZXJfYmFja2VuZHECVSlkamFuZ28uY29udHJpYi5hdXRoLmJhY2tlbmRzLk1vZGVsQmFja2VuZHED\nVQ1fYXV0aF91c2VyX2lkcQSKAQF1Lg==\n','2013-08-27 15:23:21'),('46a34e4eb8976061bd322ddfe8c1228a','N2MzYzdlM2MzOTdlNDY0ODc4NTM0ODk0MDI1M2NlM2EyYzQ4ODFmMjqAAn1xAShVEl9hdXRoX3Vz\nZXJfYmFja2VuZHECVSlkamFuZ28uY29udHJpYi5hdXRoLmJhY2tlbmRzLk1vZGVsQmFja2VuZHED\nVQ1fYXV0aF91c2VyX2lkcQSKAQF1Lg==\n','2013-08-28 19:14:18'),('767a7c6cfac52d02b1153ab632c82601','NzcwNjIxNWI0YTgzZDlmMTFkODBlZmYwNThlMTg3NDlmNTFhOWEzNDqAAn1xAShVEl9hdXRoX3Vz\nZXJfYmFja2VuZHECVSlkamFuZ28uY29udHJpYi5hdXRoLmJhY2tlbmRzLk1vZGVsQmFja2VuZHED\nVQ1fYXV0aF91c2VyX2lkcQSKAQJ1Lg==\n','2013-08-29 16:00:57'),('ca861e83752061053afe2ed25d24cf3a','N2MzYzdlM2MzOTdlNDY0ODc4NTM0ODk0MDI1M2NlM2EyYzQ4ODFmMjqAAn1xAShVEl9hdXRoX3Vz\nZXJfYmFja2VuZHECVSlkamFuZ28uY29udHJpYi5hdXRoLmJhY2tlbmRzLk1vZGVsQmFja2VuZHED\nVQ1fYXV0aF91c2VyX2lkcQSKAQF1Lg==\n','2013-08-16 11:11:19');
/*!40000 ALTER TABLE `django_session` ENABLE KEYS */;
UNLOCK TABLES;

--
-- Table structure for table `django_site`
--

DROP TABLE IF EXISTS `django_site`;
/*!40101 SET @saved_cs_client     = @@character_set_client */;
/*!40101 SET character_set_client = utf8 */;
CREATE TABLE `django_site` (
  `id` int(11) NOT NULL AUTO_INCREMENT,
  `domain` varchar(100) NOT NULL,
  `name` varchar(50) NOT NULL,
  PRIMARY KEY (`id`)
) ENGINE=InnoDB AUTO_INCREMENT=2 DEFAULT CHARSET=utf8;
/*!40101 SET character_set_client = @saved_cs_client */;

--
-- Dumping data for table `django_site`
--

LOCK TABLES `django_site` WRITE;
/*!40000 ALTER TABLE `django_site` DISABLE KEYS */;
INSERT INTO `django_site` VALUES (1,'example.com','example.com');
/*!40000 ALTER TABLE `django_site` ENABLE KEYS */;
UNLOCK TABLES;

--
-- Table structure for table `newsboard_news`
--

DROP TABLE IF EXISTS `newsboard_news`;
/*!40101 SET @saved_cs_client     = @@character_set_client */;
/*!40101 SET character_set_client = utf8 */;
CREATE TABLE `newsboard_news` (
  `id` int(11) NOT NULL AUTO_INCREMENT,
  `title` varchar(250) NOT NULL,
  `category_id` int(11) DEFAULT NULL,
  `image` varchar(100) NOT NULL,
  `short_text` longtext NOT NULL,
  `text` longtext NOT NULL,
  `on_main_page` tinyint(1) NOT NULL,
  `is_published` tinyint(1) NOT NULL,
  `date_add` datetime NOT NULL,
  PRIMARY KEY (`id`),
  KEY `newsboard_news_42dc49bc` (`category_id`),
  CONSTRAINT `category_id_refs_id_4d334043d0f945e1` FOREIGN KEY (`category_id`) REFERENCES `newsboard_newscategory` (`id`)
) ENGINE=InnoDB DEFAULT CHARSET=utf8;
/*!40101 SET character_set_client = @saved_cs_client */;

--
-- Dumping data for table `newsboard_news`
--

LOCK TABLES `newsboard_news` WRITE;
/*!40000 ALTER TABLE `newsboard_news` DISABLE KEYS */;
/*!40000 ALTER TABLE `newsboard_news` ENABLE KEYS */;
UNLOCK TABLES;

--
-- Table structure for table `newsboard_newscategory`
--

DROP TABLE IF EXISTS `newsboard_newscategory`;
/*!40101 SET @saved_cs_client     = @@character_set_client */;
/*!40101 SET character_set_client = utf8 */;
CREATE TABLE `newsboard_newscategory` (
  `id` int(11) NOT NULL AUTO_INCREMENT,
  `title` varchar(50) NOT NULL,
  `order` int(10) unsigned NOT NULL,
  PRIMARY KEY (`id`)
) ENGINE=InnoDB DEFAULT CHARSET=utf8;
/*!40101 SET character_set_client = @saved_cs_client */;

--
-- Dumping data for table `newsboard_newscategory`
--

LOCK TABLES `newsboard_newscategory` WRITE;
/*!40000 ALTER TABLE `newsboard_newscategory` DISABLE KEYS */;
/*!40000 ALTER TABLE `newsboard_newscategory` ENABLE KEYS */;
UNLOCK TABLES;

--
-- Table structure for table `pages_metadata`
--

DROP TABLE IF EXISTS `pages_metadata`;
/*!40101 SET @saved_cs_client     = @@character_set_client */;
/*!40101 SET character_set_client = utf8 */;
CREATE TABLE `pages_metadata` (
  `id` int(11) NOT NULL AUTO_INCREMENT,
  `url` varchar(100) NOT NULL,
  `title` varchar(100) NOT NULL,
  `description` varchar(100) NOT NULL,
  `keywords` varchar(100) NOT NULL,
  PRIMARY KEY (`id`)
) ENGINE=InnoDB DEFAULT CHARSET=utf8;
/*!40101 SET character_set_client = @saved_cs_client */;

--
-- Dumping data for table `pages_metadata`
--

LOCK TABLES `pages_metadata` WRITE;
/*!40000 ALTER TABLE `pages_metadata` DISABLE KEYS */;
/*!40000 ALTER TABLE `pages_metadata` ENABLE KEYS */;
UNLOCK TABLES;

--
-- Table structure for table `pages_page`
--

DROP TABLE IF EXISTS `pages_page`;
/*!40101 SET @saved_cs_client     = @@character_set_client */;
/*!40101 SET character_set_client = utf8 */;
CREATE TABLE `pages_page` (
  `id` int(11) NOT NULL AUTO_INCREMENT,
  `date_add` datetime NOT NULL,
  `title` varchar(120) NOT NULL,
  `url` varchar(200) NOT NULL,
  `parent_id` int(11) DEFAULT NULL,
  `content` longtext NOT NULL,
  `order` int(11) NOT NULL,
  `is_published` tinyint(1) NOT NULL,
  `is_at_menu` tinyint(1) NOT NULL,
  `is_at_footer_menu` tinyint(1) NOT NULL,
  `template` varchar(100) NOT NULL,
  `lft` int(10) unsigned NOT NULL,
  `rght` int(10) unsigned NOT NULL,
  `tree_id` int(10) unsigned NOT NULL,
  `level` int(10) unsigned NOT NULL,
  PRIMARY KEY (`id`),
  UNIQUE KEY `url` (`url`),
  KEY `pages_page_63f17a16` (`parent_id`),
  KEY `pages_page_42b06ff6` (`lft`),
  KEY `pages_page_91543e5a` (`rght`),
  KEY `pages_page_efd07f28` (`tree_id`),
  KEY `pages_page_2a8f42e8` (`level`),
  CONSTRAINT `parent_id_refs_id_3eab4d20353c0eed` FOREIGN KEY (`parent_id`) REFERENCES `pages_page` (`id`)
) ENGINE=InnoDB AUTO_INCREMENT=4 DEFAULT CHARSET=utf8;
/*!40101 SET character_set_client = @saved_cs_client */;

--
-- Dumping data for table `pages_page`
--

LOCK TABLES `pages_page` WRITE;
/*!40000 ALTER TABLE `pages_page` DISABLE KEYS */;
INSERT INTO `pages_page` VALUES (1,'2013-08-14 13:36:32','Вакансии','/clinic/jobs/',NULL,'<p>Вакансии<br></p>',10,1,0,0,'default.html',1,2,1,0),(3,'2013-08-16 17:58:42','Полезная информация','/info/',NULL,'<p>Текст с полезной информацией</p>',10,1,0,0,'default.html',1,2,2,0);
/*!40000 ALTER TABLE `pages_page` ENABLE KEYS */;
UNLOCK TABLES;

--
-- Table structure for table `pages_pagedoc`
--

DROP TABLE IF EXISTS `pages_pagedoc`;
/*!40101 SET @saved_cs_client     = @@character_set_client */;
/*!40101 SET character_set_client = utf8 */;
CREATE TABLE `pages_pagedoc` (
  `id` int(11) NOT NULL AUTO_INCREMENT,
  `title` varchar(250) NOT NULL,
  `size` int(11) NOT NULL,
  `order` int(10) unsigned NOT NULL,
  `file` varchar(100) NOT NULL,
  `page_id` int(11) NOT NULL,
  PRIMARY KEY (`id`),
  KEY `pages_pagedoc_32d04bc7` (`page_id`),
  CONSTRAINT `page_id_refs_id_c5e8c32df41e052` FOREIGN KEY (`page_id`) REFERENCES `pages_page` (`id`)
) ENGINE=InnoDB DEFAULT CHARSET=utf8;
/*!40101 SET character_set_client = @saved_cs_client */;

--
-- Dumping data for table `pages_pagedoc`
--

LOCK TABLES `pages_pagedoc` WRITE;
/*!40000 ALTER TABLE `pages_pagedoc` DISABLE KEYS */;
/*!40000 ALTER TABLE `pages_pagedoc` ENABLE KEYS */;
UNLOCK TABLES;

--
-- Table structure for table `pages_pagepic`
--

DROP TABLE IF EXISTS `pages_pagepic`;
/*!40101 SET @saved_cs_client     = @@character_set_client */;
/*!40101 SET character_set_client = utf8 */;
CREATE TABLE `pages_pagepic` (
  `id` int(11) NOT NULL AUTO_INCREMENT,
  `title` varchar(250) NOT NULL,
  `size` int(11) NOT NULL,
  `order` int(10) unsigned NOT NULL,
  `file` varchar(100) NOT NULL,
  `page_id` int(11) NOT NULL,
  PRIMARY KEY (`id`),
  KEY `pages_pagepic_32d04bc7` (`page_id`),
  CONSTRAINT `page_id_refs_id_4711677842aca3ec` FOREIGN KEY (`page_id`) REFERENCES `pages_page` (`id`)
) ENGINE=InnoDB DEFAULT CHARSET=utf8;
/*!40101 SET character_set_client = @saved_cs_client */;

--
-- Dumping data for table `pages_pagepic`
--

LOCK TABLES `pages_pagepic` WRITE;
/*!40000 ALTER TABLE `pages_pagepic` DISABLE KEYS */;
/*!40000 ALTER TABLE `pages_pagepic` ENABLE KEYS */;
UNLOCK TABLES;

--
-- Table structure for table `reviews_review`
--

DROP TABLE IF EXISTS `reviews_review`;
/*!40101 SET @saved_cs_client     = @@character_set_client */;
/*!40101 SET character_set_client = utf8 */;
CREATE TABLE `reviews_review` (
  `id` int(11) NOT NULL AUTO_INCREMENT,
  `initials` varchar(150) NOT NULL,
  `review` longtext NOT NULL,
  `created_at` datetime NOT NULL,
  `email` varchar(75) NOT NULL,
  PRIMARY KEY (`id`)
) ENGINE=InnoDB AUTO_INCREMENT=4 DEFAULT CHARSET=utf8;
/*!40101 SET character_set_client = @saved_cs_client */;

--
-- Dumping data for table `reviews_review`
--

LOCK TABLES `reviews_review` WRITE;
/*!40000 ALTER TABLE `reviews_review` DISABLE KEYS */;
INSERT INTO `reviews_review` VALUES (1,'Александр','Мои кожа стала гладкой и шелковистой после посещения центра, а хорошее настроени сохранилось до сих пор!','2013-08-02 11:06:22','mail@example.com'),(2,'Лена Головач','Рекламная акция оправдывает департамент маркетинга и продаж, невзирая на действия конкурентов. Фирменный стиль поддерживает коллективный целевой сегмент рынка, осознав маркетинг как часть производства. Реклама программирует креативный формат события, оптимизируя бюджеты. Бизнес-модель недостаточно транслирует типичный социальный статус, повышая конкуренцию. ','2013-08-02 11:06:22','mail@example.com'),(3,'fdghfdgh','hdfgh','2013-08-13 15:20:04','dfgh@wer.ru');
/*!40000 ALTER TABLE `reviews_review` ENABLE KEYS */;
UNLOCK TABLES;

--
-- Table structure for table `services_category`
--

DROP TABLE IF EXISTS `services_category`;
/*!40101 SET @saved_cs_client     = @@character_set_client */;
/*!40101 SET character_set_client = utf8 */;
CREATE TABLE `services_category` (
  `id` int(11) NOT NULL AUTO_INCREMENT,
  `title` varchar(150) NOT NULL,
  PRIMARY KEY (`id`)
) ENGINE=InnoDB AUTO_INCREMENT=5 DEFAULT CHARSET=utf8;
/*!40101 SET character_set_client = @saved_cs_client */;

--
-- Dumping data for table `services_category`
--

LOCK TABLES `services_category` WRITE;
/*!40000 ALTER TABLE `services_category` DISABLE KEYS */;
INSERT INTO `services_category` VALUES (1,'Эстетическая косметология'),(2,'Лечебно-восстановительная медицина'),(3,'Эстетическая гинекология'),(4,'SPA-услуги');
/*!40000 ALTER TABLE `services_category` ENABLE KEYS */;
UNLOCK TABLES;

--
-- Table structure for table `services_month`
--

DROP TABLE IF EXISTS `services_month`;
/*!40101 SET @saved_cs_client     = @@character_set_client */;
/*!40101 SET character_set_client = utf8 */;
CREATE TABLE `services_month` (
  `id` int(11) NOT NULL AUTO_INCREMENT,
  `title` varchar(150) NOT NULL,
  `order` int(11) NOT NULL,
  PRIMARY KEY (`id`)
) ENGINE=MyISAM AUTO_INCREMENT=13 DEFAULT CHARSET=utf8;
/*!40101 SET character_set_client = @saved_cs_client */;

--
-- Dumping data for table `services_month`
--

LOCK TABLES `services_month` WRITE;
/*!40000 ALTER TABLE `services_month` DISABLE KEYS */;
INSERT INTO `services_month` VALUES (1,'Январь',120),(2,'Февраль',110),(3,'Март',100),(4,'Апрель',90),(5,'Май',80),(6,'Июнь',70),(7,'Июль',60),(8,'Август',50),(9,'Сентябрь',40),(10,'Октябрь',30),(11,'Ноябрь',20),(12,'Декабрь',10);
/*!40000 ALTER TABLE `services_month` ENABLE KEYS */;
UNLOCK TABLES;

--
-- Table structure for table `services_price`
--

DROP TABLE IF EXISTS `services_price`;
/*!40101 SET @saved_cs_client     = @@character_set_client */;
/*!40101 SET character_set_client = utf8 */;
CREATE TABLE `services_price` (
  `id` int(11) NOT NULL AUTO_INCREMENT,
  `service_id` int(11) NOT NULL DEFAULT '1',
  `title` varchar(150) NOT NULL,
  `price` varchar(150) NOT NULL,
  PRIMARY KEY (`id`),
  KEY `services_price_90e28c3e` (`service_id`),
  CONSTRAINT `service_id_refs_id_ebff4bf` FOREIGN KEY (`service_id`) REFERENCES `services_service` (`id`)
) ENGINE=InnoDB DEFAULT CHARSET=utf8;
/*!40101 SET character_set_client = @saved_cs_client */;

--
-- Dumping data for table `services_price`
--

LOCK TABLES `services_price` WRITE;
/*!40000 ALTER TABLE `services_price` DISABLE KEYS */;
/*!40000 ALTER TABLE `services_price` ENABLE KEYS */;
UNLOCK TABLES;

--
-- Table structure for table `services_recomendation`
--

DROP TABLE IF EXISTS `services_recomendation`;
/*!40101 SET @saved_cs_client     = @@character_set_client */;
/*!40101 SET character_set_client = utf8 */;
CREATE TABLE `services_recomendation` (
  `id` int(11) NOT NULL AUTO_INCREMENT,
  `service_id` int(11) NOT NULL,
  `month_id` int(11) NOT NULL,
  `type_id` int(11) NOT NULL,
  PRIMARY KEY (`id`),
  KEY `services_recomendation_6f1d73c2` (`service_id`),
  KEY `services_recomendation_798ba507` (`month_id`),
  KEY `services_recomendation_777d41c8` (`type_id`)
) ENGINE=MyISAM DEFAULT CHARSET=utf8;
/*!40101 SET character_set_client = @saved_cs_client */;

--
-- Dumping data for table `services_recomendation`
--

LOCK TABLES `services_recomendation` WRITE;
/*!40000 ALTER TABLE `services_recomendation` DISABLE KEYS */;
/*!40000 ALTER TABLE `services_recomendation` ENABLE KEYS */;
UNLOCK TABLES;

--
-- Table structure for table `services_recomendationtype`
--

DROP TABLE IF EXISTS `services_recomendationtype`;
/*!40101 SET @saved_cs_client     = @@character_set_client */;
/*!40101 SET character_set_client = utf8 */;
CREATE TABLE `services_recomendationtype` (
  `id` int(11) NOT NULL AUTO_INCREMENT,
  `title` varchar(150) NOT NULL,
  PRIMARY KEY (`id`)
) ENGINE=MyISAM AUTO_INCREMENT=5 DEFAULT CHARSET=utf8;
/*!40101 SET character_set_client = @saved_cs_client */;

--
-- Dumping data for table `services_recomendationtype`
--

LOCK TABLES `services_recomendationtype` WRITE;
/*!40000 ALTER TABLE `services_recomendationtype` DISABLE KEYS */;
INSERT INTO `services_recomendationtype` VALUES (1,'Самое время'),(3,'Рекомендуем'),(4,'Всегда актуально');
/*!40000 ALTER TABLE `services_recomendationtype` ENABLE KEYS */;
UNLOCK TABLES;

--
-- Table structure for table `services_service`
--

DROP TABLE IF EXISTS `services_service`;
/*!40101 SET @saved_cs_client     = @@character_set_client */;
/*!40101 SET character_set_client = utf8 */;
CREATE TABLE `services_service` (
  `id` int(11) NOT NULL AUTO_INCREMENT,
  `category_id` int(11) NOT NULL,
  `title` varchar(150) NOT NULL,
  `short_description` longtext NOT NULL,
  `description` longtext NOT NULL,
  `side_text` longtext NOT NULL,
  `parent_id` int(11) DEFAULT NULL,
  `lft` int(10) unsigned NOT NULL,
  `rght` int(10) unsigned NOT NULL,
  `tree_id` int(10) unsigned NOT NULL,
  `level` int(10) unsigned NOT NULL,
  PRIMARY KEY (`id`),
  KEY `services_service_42dc49bc` (`category_id`),
  KEY `services_service_63f17a16` (`parent_id`),
  KEY `services_service_42b06ff6` (`lft`),
  KEY `services_service_6eabc1a6` (`rght`),
  KEY `services_service_102f80d8` (`tree_id`),
  KEY `services_service_2a8f42e8` (`level`),
  CONSTRAINT `category_id_refs_id_6727ca28979555f2` FOREIGN KEY (`category_id`) REFERENCES `services_subcategory` (`id`),
  CONSTRAINT `parent_id_refs_id_52064875` FOREIGN KEY (`parent_id`) REFERENCES `services_service` (`id`)
) ENGINE=InnoDB AUTO_INCREMENT=95 DEFAULT CHARSET=utf8;
/*!40101 SET character_set_client = @saved_cs_client */;

--
-- Dumping data for table `services_service`
--

LOCK TABLES `services_service` WRITE;
/*!40000 ALTER TABLE `services_service` DISABLE KEYS */;
INSERT INTO `services_service` VALUES (1,2,'Трихология','Красивыми в наше время считаются только здоровые ухоженные волосы, вне зависимости от их длины. А на пути к здоровым сильным волосам сейчас появилось множество препятствий: плохая экология, жёсткая вода, недостаток витаминов, несбалансированное питание, стресс, внутренние заболевания и неправильный уход за волосами.','<p></p><p>Что волнует наших пациентов?</p><p><ul><li>60% мужчин и 58% женщин столкнулись с проблемой усиленного выпадения волос, ослабления волос и плохого их роста, проблемой сухих, чувствительных и поврежденных химическим воздействием волос.<br></li><li>65% мужчин и 45% женщин волнует проблема нарушения гидро-липидного баланса и нарушения работы сальных желез кожи головы.</li><li>60% мужчин и 40% женщин беспокоит проблема перхоти</li></ul></p><p>Как много нужно учесть, чтобы волосы, наконец, стали такими, какими их задумала природа – то есть красивыми, сильными, блестящими, эластичными. Чтобы достичь этого идеала была создана целая наука о волосах – трихология. Эта наука начала развиваться на Западе в начале ХХ века, а во второй его половине темпы её развития стали по-настоящему бурными: стали появляться трихологические центры, где лечили и оказывали услуги специально подготовленные профессионалы, стали возникать научно-исследовательские и учебные центры. Всем стало ясно, что красота волос – это производное их здоровья.</p><p>Современная индустрия красоты ориентируется не столько на внешний, декоративный эффект, сколько на улучшение здоровья отдельных систем и организма в целом.</p><p>Врач трихолог выявляет причины патологии кожи волосистой части головы.</p><p>Обычный прием врача-трихолога состоит из консультации с подбором лечебных средств для лечения в салоне и дополнительного ухода за волосам дома.</p><h2>Проблема выпадения волос</h2><p>Выпадение волос одна из самых серьезных проблем нашего времени. Стресс и дисфункции центральной и периферической нервной системы, дисфункция эндокринной системы, перенесенные тяжелые инфекционные заболевания, генетическая предрасположенность, аутоиммунная патология. Все это причины возникновения выпадения волос.</p><p>Решать данные проблемы в домашних условиях неправильно, тем более заниматься самолечением, покупая в аптеках общепринятые лечебные препараты. Выпадение волос нуждается не только в диагностическом исследовании, но и в правильном подборе индивидуальных лекарственных средств.</p><p>Лечение выпадения волос сложное, длительное, зависящее от клинической формы, стадии заболевания, возраста пациента. Часто лечение у врача-трихолога сочетается с лечением у смежных специалистов.</p><p>Какие есть теории и причины заболевания выпадения волос?</p><p><b>Аутоиммунная теория возникновения алопеции</b> – одна из наиболее актуальных на сегодняшний день. В нашем организме вырабатываются антитела к клеткам волосяного сосочка. В результате волосяные фолликулы преждевременно переходят из анагенной стадии в стадию телогена. В связи с длительно существующим инфильтратом иммунных клеток вокруг фолликула, который ухудшает его питание, следующий волос выходит ослабленным, дистрофически измененным. Таким образом, запускается процесс облысения.</p><p><b>Диффузное выпадение волос</b>. Клинически характеризуется повышенным выпадением волос, которое носит диффузный характер. Процесс может быть острым и хроническим.</p><p><b>Острое</b> начало заболевания вызывают тяжелые инфекции, психические и физические травмы, роды, операции под общим наркозом</p><p><b>Хроническое</b> выпадение волос возникает в результате эндокринных нарушений, длительного приема лекарственных препаратов, в том числе гормональных противозачаточных средств, с высоким содержанием прогестерона, нарушения питания и обмена веществ, возрастные изменения в организме, нехватка основных жирных кислот.</p><p><b>Андрогенное</b> облысение. Характеризуется поредением волос в лобной и теменной областях. Граница роста волос постепенно отступает со лба, а в центральной теменной области появляется поредение волос. Таким образом, формируется типичная картина андрогенного облысения. У женщин данный синдром может возникать через 2 месяца после родов, на фоне поликистоза яичников, в постменопаузном периоде</p><p><b>Себорейное</b> облысение. Связано с гормональным дисбалансом, с гиперсекрецией кожного сала и гиперкератозом, требует применения средств, уменьшающих салоотделение, уменьшающих размеры сальных желез и гиперкератоз.</p><h2>Лечение волос</h2><p>Красивыми в наше время считаются только здоровые ухоженные волосы, вне зависимости от их длины. А на пути к здоровым сильным волосам сейчас появилось множество препятствий: плохая экология, жёсткая вода, недостаток витаминов, несбалансированное питание, стресс, внутренние заболевания и неправильный уход за волосами.<br></p><p>Решать данные проблемы в домашних условиях неправильно, тем более заниматься самолечением, покупая в аптеках общепринятые лечебные препараты. Выпадение волос нуждается не только в диагностическом исследовании, но и в правильном подборе индивидуальных лекарственных средств.</p><p>Лечение выпадения волос сложное, длительное, зависящее от клинической формы, стадии заболевания, возраста пациента.</p><p>В салоне « ASIA-SPA»наряду со множеством других методик лечения волос мы предлагаем Вам уникальное лечение волос и кожи головы новейшими инъекционными препаратами Mesopecia и Haircare.</p><p><ul><li><b>Mesopecia</b> – это мезотерапевтическое лечение,направленое на предупреждение и лечение андрогенного облысения ( алопеции ) у мужчн и женщин,улучшение трофики тканей волосистой части головы, усиление роста и качества волос,восстановление структуры повреждённых волос.<br></li><li>&nbsp;<b>Haircare</b>&nbsp;–&nbsp;этот препарат улучшает микроциркуляцию, повышает поступление кислорода, восстанавливает все виды обмена .Применяется при избыточном выпадении волос,преждевременном утрате пигмента ( седине), себорейном дерматите. Рекомендуемый курс-7-10 процедур, выполняются 1 раз в неделю, повторный курс через 6 месяцев.<br></li></ul></p><p>Аппаратная методика Дарсонваль — собирательное название группы медицинских приборов, основой действия которых являются импульсные переменные синусоидальные токи высокой частоты и напряжения (20 кВ), но малой силы (0,02 мА).Дарсонваль поможет вам в лечении волос (выпадении,перхоти,ломких, слабых волосах).</p><p>В результате комплексного воздействия улучшается кровообращение во всех областях скальпа, оказывается благотворное влияние на мозг, Вы освобождаетесь от всех видов стресса. Как результат - Вы получаете действительно здоровые ощущения, хорошее настроение и здоровые волосы.</p><p><br></p>\r\n','<p></p>Красивыми в наше время считаются только здоровые ухоженные волосы, вне зависимости от их длины. А на пути к здоровым сильным волосам сейчас появилось множество препятствий: плохая экология, жёсткая вода, недостаток витаминов, несбалансированное питание, стресс, внутренние заболевания и неправильный уход за волосами.<p><br></p>\r\n',NULL,4,4,0,0),(2,2,'Дерматоонкология','Это наука, изучающая новообразования и опухолевидные пороки развития кожи. Клинический опыт врачей, занимающихся проблемой новообразований кожи, заметно обогатился в последние годы, разработаны новые классификации, изучены механизмы возникновения, разработаны рациональные подходы к лечению новообразований.','<p>Это наука, изучающая новообразования и опухолевидные пороки развития кожи. Клинический опыт врачей, занимающихся проблемой новообразований кожи, заметно обогатился в последние годы, разработаны новые классификации, изучены механизмы возникновения, разработаны рациональные подходы к лечению новообразований.<br></p><p>Это наука, изучающая новообразования и опухолевидные пороки развития кожи. Клинический опыт врачей, занимающихся проблемой новообразований кожи, заметно обогатился в последние годы, разработаны новые классификации, изучены механизмы возникновения, разработаны рациональные подходы к лечению новообразований.<br></p>','<p>Это наука, изучающая новообразования и опухолевидные пороки развития кожи. Клинический опыт врачей, занимающихся проблемой новообразований кожи, заметно обогатился в последние годы, разработаны новые классификации, изучены механизмы возникновения, разработаны рациональные подходы к лечению новообразований.<br></p><p>Это наука, изучающая новообразования и опухолевидные пороки развития кожи. Клинический опыт врачей, занимающихся проблемой новообразований кожи, заметно обогатился в последние годы, разработаны новые классификации, изучены механизмы возникновения, разработаны рациональные подходы к лечению новообразований.<br></p>',NULL,4,4,0,0),(3,2,'Диагностика','Это наука, изучающая новообразования и опухолевидные пороки развития кожи. Клинический опыт врачей, занимающихся проблемой новообразований кожи, заметно обогатился в последние годы, разработаны новые классификации, изучены механизмы возникновения, разработаны рациональные подходы к лечению новообразований.','<p>Это наука, изучающая новообразования и опухолевидные пороки развития кожи. Клинический опыт врачей, занимающихся проблемой новообразований кожи, заметно обогатился в последние годы, разработаны новые классификации, изучены механизмы возникновения, разработаны рациональные подходы к лечению новообразований.<br></p><p>Это наука, изучающая новообразования и опухолевидные пороки развития кожи. Клинический опыт врачей, занимающихся проблемой новообразований кожи, заметно обогатился в последние годы, разработаны новые классификации, изучены механизмы возникновения, разработаны рациональные подходы к лечению новообразований.<br></p>','<p>Это наука, изучающая новообразования и опухолевидные пороки развития кожи. Клинический опыт врачей, занимающихся проблемой новообразований кожи, заметно обогатился в последние годы, разработаны новые классификации, изучены механизмы возникновения, разработаны рациональные подходы к лечению новообразований.<br></p><p>Это наука, изучающая новообразования и опухолевидные пороки развития кожи. Клинический опыт врачей, занимающихся проблемой новообразований кожи, заметно обогатился в последние годы, разработаны новые классификации, изучены механизмы возникновения, разработаны рациональные подходы к лечению новообразований.<br></p>',2,0,1,0,1),(4,2,'Радиоволновое удаление','Это наука, изучающая новообразования и опухолевидные пороки развития кожи. Клинический опыт врачей, занимающихся проблемой новообразований кожи, заметно обогатился в последние годы, разработаны новые классификации, изучены механизмы возникновения, разработаны рациональные подходы к лечению новообразований.','<p>Это наука, изучающая новообразования и опухолевидные пороки развития кожи. Клинический опыт врачей, занимающихся проблемой новообразований кожи, заметно обогатился в последние годы, разработаны новые классификации, изучены механизмы возникновения, разработаны рациональные подходы к лечению новообразований.<br></p><p>Это наука, изучающая новообразования и опухолевидные пороки развития кожи. Клинический опыт врачей, занимающихся проблемой новообразований кожи, заметно обогатился в последние годы, разработаны новые классификации, изучены механизмы возникновения, разработаны рациональные подходы к лечению новообразований.<br></p>','<p>Это наука, изучающая новообразования и опухолевидные пороки развития кожи. Клинический опыт врачей, занимающихся проблемой новообразований кожи, заметно обогатился в последние годы, разработаны новые классификации, изучены механизмы возникновения, разработаны рациональные подходы к лечению новообразований.<br></p><p>Это наука, изучающая новообразования и опухолевидные пороки развития кожи. Клинический опыт врачей, занимающихся проблемой новообразований кожи, заметно обогатился в последние годы, разработаны новые классификации, изучены механизмы возникновения, разработаны рациональные подходы к лечению новообразований.<br></p>',2,2,3,0,1),(5,2,'Контурная пластика','Контурная пластика – это метод устранения косметических дефектов с помощью внутрикожных инъекций гелевых имплантатов.','<p><p>Процедуры контурной пластики больше известны как «прививки молодости» или «уколы от морщин». Этот инъекционный метод устранения морщин и глубоких складок на лице – одно из последних достижений современной косметологии. Контурная пластика – это метод устранения косметических дефектов с помощью внутрикожных инъекций гелевых имплантатов. В нашем салоне эстетической медицины «Asia-Spa» с успехом применяются препараты природного происхождения на основе гиалуроновой кислоты: Перфектадерм (Перфектадерм-Дип, Перфектадерм, Перфектадерм-Файн Лайнз)</p><h3>Гиалуроновая кислота для здоровья и красоты</h3><p><b>Гиалуроновая кислота </b>– естественный компонент нашего организма: в коже 56% гиалуроновой кислоты, в соединительной ткани - 27%, в мышцах - 8%. Гиалуроновая кислота – это совершенно уникальный компонент - 1г её может связать до 1 литра воды. С возрастом мы постепенно «теряем» гиалуроновую кислоту – из-за этого кожа становится сухой и неэластичной, в результате происходят микроразрывы дермы (средний слой кожи) – возникают морщины. Гели на основе стабилизированной гиалуроновой кислоты – самые безопасные, рассасывающиеся препараты. «Стабилизированной» - это значит, длительный косметический эффект, при этом питательные вещества, кислород, гормоны свободно мигрируют между фрагментами геля, не нарушая нормальную жизнедеятельность кожи.При введении гели гиалуроновой кислоты аккумулируют большое количество воды, что приводит к увеличению объема кожи в месте инъекции. Кроме того, эти препараты стимулируют синтез собственного коллагена, эластина и гликозаминогликанов – т.е. улучшают здоровье кожи, делая её упругой и увлажненной. Более того, введение препаратов гиалуроновой кислоты нейтрализует повреждающее действие свободных радикалов и обеспечивает интенсивную профилактику преждевременного старения кожи в зоне введения.</p><h3>Когда контурная пластика может помочь</h3><p><ul><li><span style=\"line-height: 1.45em;\">тонкие губы</span><br></li><li><span style=\"line-height: 1.45em;\">асимметрия губ</span><br></li><li><span style=\"line-height: 1.45em;\">нечеткий контур губ</span><br></li><li><span style=\"line-height: 1.45em;\">носогубные складки</span><br></li><li><span style=\"line-height: 1.45em;\">продольные морщины на лбу</span><br></li><li><span style=\"line-height: 1.45em;\">морщины в углах рта</span><br></li><li><span style=\"line-height: 1.45em;\">множественные возрастные морщины вокруг губ</span><br></li><li><span style=\"line-height: 1.45em;\">«запавшие» щёки</span><br></li><li><span style=\"line-height: 1.45em;\">растяжки, шрамы</span><br></li><li><span style=\"line-height: 1.45em;\">рубцы постакне (следы угревой болезни)</span><br></li></ul></p><p>Введение гелей поможет также, если вы хотите приподнять кончик носа, изменить форму и объем подбородка и скул, сформировать сосок на груди или мочку уха.</p><p>Время для первой инъекции каждый выбирает для себя сам: от двадцати и до 60-70-80 лет.</p><h3>Ход процедуры</h3><p>Средняя длительность процедуры 30-60 минут. Анестезии для коррекции мелких морщин обычно не требуется. При введении больших объёмов геля проводят местную анестезию (на кожу наносится анестезирующий крем), проводниковую анестезию (как в стоматологии) или комбинацию этих методов. Существует 2 техники введения: точечная и линейная. Точечная – это серия последовательных вколов тонкой иглой. Однако множественные точечные инъекции не позволяют добиться равномерного введения материала, поэтому предпочтительнее линейная техника – игла вводится в морщину/складку на всю ее длину. Точечная техника является дополнительной и чаще используется в комбинации с линейной. Эффект наступает сразу же, через пару дней (на губах – через 5-7 дней) он становится идеальным - когда спадет легкий отек и покраснение. Для коррекции отдельных складок и морщин, возможно, потребуется 2-3 процедуры. Для поддержания эффекта в идеальном состоянии 1-2 раза в год требуется дополнительная корректировка.</p><h3>Противопоказания</h3><p><ul><li><span style=\"line-height: 1.45em;\">беременность и лактация</span><br></li><li><span style=\"line-height: 1.45em;\">аллергия к компонентам препарата (встречается у 1 на 10000 пациентов)</span><br></li><li><span style=\"line-height: 1.45em;\">аутоиммунные заболевания</span><br></li><li><span style=\"line-height: 1.45em;\">инфекционные (бактериальные, вирусные, грибковые) заболевания кожи в месте предполагаемой коррекции</span><br></li><li><span style=\"line-height: 1.45em;\">гемофилия</span><br></li><li><span style=\"line-height: 1.45em;\">обострения хронических заболеваний внутренних органов (гастрит, панкреатит, холецистит и т.д.)</span><br></li><li><span style=\"line-height: 1.45em;\">если когда-то был введен любой перманентный гель (например, силиконы, биополимеры)</span><br></li><li><span style=\"line-height: 1.45em;\">если недавно были процедуры лазерной или механической шлифовки, химического пилинга</span><br></li></ul></p><h3>Отличие препаратов гиалуроновой кислоты от других «наполнителей»</h3><p>На сегодняшний день некоторые доктора еще применяют препараты на основе полидиметилсиликона (т.н. биополимерный гель), акрила и т.д. Доктор, который будет предлагать вам введение таких препаратов, скорее всего, будет настаивать, что это лучше, потому что навсегда, а значит – более выгодно экономически. Но вы должны знать, что кожа «не любит» ничего постоянного, ведь кожа – это обновляющийся орган. Кожа воспринимает все гели постоянного и длительного действия как чужеродные – а это приводит к высокому риску серьезных отсроченных (через 2-15 лет) осложнений: острое и/или хроническое воспаление в месте введения, гранулематозные реакции, потеря кожей естественного цвета, фиброзная деформация мягких тканей, миграция наполнителя (например, жидкий силикон уже запрещен в Европе из-за способности мигрировать в легкие и головной мозг; наполнитель может мигрировать в любую часть лица), и даже – некроз в месте введения. Кроме того, применение этих гелей «вчерашнего дня» часто приводит к неравномерности контуров и неоднородности мягких тканей, ощущению инородного тела. Любые постоянные гели не совместимы ни с чем. Зачем подвергать свое здоровье такому риску? Всех этих осложнений нет при введении препаратов гиалуроновой кислоты.</p><h3>Требования, которым отвечают гели гиалуроновой кислоты:</h3><p><ul><li><span style=\"line-height: 1.45em;\">биосовместимость (гиалуроновая кислота не является инородным веществом!)</span><br></li><li><span style=\"line-height: 1.45em;\">гипоаллергенность</span><br></li><li><span style=\"line-height: 1.45em;\">природное, но неживотное происхождение материала</span><br></li><li><span style=\"line-height: 1.45em;\">отсутствие миграции и воспалительных осложнений</span><br></li><li><span style=\"line-height: 1.45em;\">достаточная длительность действия у пациентов с разными типами кожи</span><br></li></ul></p><h3>Длительность результата</h3><p>От 6 до 10 месяцев. Его продолжительность зависит от препарата (Перлайн,Теосиальдип лайн и Перфектодерм дип «держатся» дольше), возраста, выраженности процессов старения организма, особенностей метаболизма и личного ухода за кожей, мимической активности лица.</p><br></p>','<p>Всем известно, что наши эмоции: смех, радость, счастье, гнев, удивление с годами оставляют на лице печать времени – морщинки. Мы не можем остановить время, но выглядеть молодо в любом возрасте – в наших силах. Поэтому, не отказывайтесь от своих эмоций – откажитесь лучше от морщин!<br></p>',NULL,1,2,1,0),(6,2,'Мезотерапия','Мезотерапия - это метод введения медикаментов внутрикожными путем в очень низких дозах с целью получения лечебного эффекта за счет действия вводимых витаминов и эффекта стимуляции биологически активных точек и рефлексогенных зон кожи.','<p><p><b>Мезотерапия -&nbsp;</b>это метод введения медикаментов внутрикожными путем в очень низких дозах с целью получения лечебного эффекта за счет действия вводимых витаминов и эффекта стимуляции биологически активных точек и рефлексогенных зон кожи.</p><p>В настоящее время существует два основных метода введения лекарственных препаратов: <b>мануальный</b> (ручной) и <b>аппаратный</b>. Более точным и бережным является метод ручной мезотерапии, который позволяет проводить лечение в самых нежных зонах: веки, шея, линия декольте, руки, но он чуть более болезнен, чем метод аппаратной мезотерапии, при котором препарат вводится под кожу с помощью специальных электронных пистолетов. Инъекции проводятся одноразовыми шприцами со специальными иглами.&nbsp;</p><p>Мезотерапия является совершенно логичными и оправданным методом лечения возрастных изменений кожи, так как позволяет легко проникнуть во внутренние слои кожи и доставить непосредственно во внеклеточное тканевое вещество препараты, необходимые для активизации метаболических процессов увядающей кожи.</p><h3>Показания для проведения мезотерапии</h3><p><ul><li><span style=\"line-height: 1.45em;\">Профилактика старения кожи</span><br></li><li><span style=\"line-height: 1.45em;\">Коррекция возрастных изменений и дефектов кожи</span><br></li><li><span style=\"line-height: 1.45em;\">Подготовка к проведению пластических операций</span><br></li><li><span style=\"line-height: 1.45em;\">Лечение акне</span><br></li><li><span style=\"line-height: 1.45em;\">Лечение алопеций (выпадение волос)</span><br></li><li><span style=\"line-height: 1.45em;\">Терапия стрий и рубцов (атрофических, гипертрофических, келлоидных)</span><br></li><li><span style=\"line-height: 1.45em;\">Коррекция жировых отложений, целлюлита</span><br></li></ul></p><p>Методика мезотерапии предполагает инъекционное введение специальных препаратов или их смесей в определенные зоны кожи.</p><h3>Эта процедура широко применяется:</h3><p><ul><li><span style=\"line-height: 1.45em;\">для коррекции морщин</span><br></li><li><span style=\"line-height: 1.45em;\">в комплексе лечения целлюлита</span><br></li><li><span style=\"line-height: 1.45em;\">для подтяжки кожи и моделирования контуров лица.</span><br></li></ul></p><p>Для мезотерапии применяются различные витамины, минеральные компоненты, органические кислоты, экстракты растительного и животного происхождения, лекарственные вещества.</p><p>Перед процедурой каждому пациенту проводится индивидуальный тест, позволяющий выявить возможную аллергическую реакцию на препарат. Так же индивидуально подбирается состав лечебных коктейлей.</p><p><b>Все препараты, которые используют специалисты нашего салона, сертифицированы, надежны и безопасны для Вас</b>.</p><p>Мезотерапия так же эффективна для лечения участков избыточной пигментации кожи, сосудистых звездочек, угревых высыпаний.&nbsp;</p><p>Процедура эффективна как сама по себе, так и в комплексе с другими методиками косметологической коррекции внешности.</p><br></p>','<p>Мезотерапия является совершенно логичными и оправданным методом лечения возрастных изменений кожи, так как позволяет легко проникнуть во внутренние слои кожи и доставить непосредственно во внеклеточное тканевое вещество препараты, необходимые для активизации метаболических процессов увядающей кожи.<br></p>',NULL,1,2,2,0),(7,2,'Биоревитализация','Цель биоревитализации достичь регенерации компонентов опорной структуры кожи. С этой целью природная гиалуроновая кислота используется уже на протяжении многих лет, демонстрируя прекрасное терапевтическое действие в сфере улучшения различных дермо-эпидермических параметров: от гидратации до эластичности и микроциркуляции. ','<p></p><p>Первые признаки старения кожи, по исследованиям последних лет, напрямую зависят от количества собственной гиалуроновой кислоты, которая \"отвечает\" за плотность, эластичность и тонус молодой кожи. Как только содержание гиалуроновой кислоты в тканях снижается, - начинается ускоренное старение и истончение кожи, меняется ее защитный потенциал и в результате наша кожа становится более уязвимой для агрессивного воздействия внешней среды.</p><h3>Что такое биоревитализация?&nbsp;</h3><p>Цель – достичь регенерации компонентов опорной структуры кожи. С этой целью природная гиалуроновая кислота используется уже на протяжении многих лет, демонстрируя прекрасное терапевтическое действие в сфере улучшения различных дермо-эпидермических параметров: от гидратации до эластичности и микроциркуляции. Гиалуроновая кислота, которая естественным образом присутствует в кожной ткани, осуществляет важные биологические функции, способные предупредить и замедлить старение кожи.</p><h3>В салоне «Asia-Spa»процедура биоревитализации выполняется следующими препаратами:</h3><h4>1. &nbsp;посредством инъекционного введения препарата IAL-System и IAL-System АСР.</h4><p>IAL-System и IAL-System АСР стали основой программы омоложение названной «Золотой стандарт биоревитализации»</p><p><b>Как действует препарат IAL-System и IAL-System АСР?</b></p><p>Препарат имеет такие же характеристики, что и природная гиалуроновая кислота, но обладает значительно большей устойчивостью в ткани за счет технологии внутренней этерификации. При введении гиалуроновой кислоты, повышается репарационная способность кожи: она быстрее восстанавливается, снижается порог ее чувствительности, что в совокупности уменьшает риск развития побочных эффектов после травмирования пилингом или уколами.</p><p><b>Для чего применяется препарат Ial-System ACP?</b></p><p>Препарат Ial-System ACP (применяется в области лица)</p><p></p><ul><li><span style=\"line-height: 1.45em;\">Корректирует мелкие морщины</span><br></li><li><span style=\"line-height: 1.45em;\">Восстанавливает тонус, эластичность и цвет кожи</span><br></li><li><span style=\"line-height: 1.45em;\">Замечательно подходит для восстановления кожи после зимнего периода.</span><br></li><li><span style=\"line-height: 1.45em;\">Восстанавливает сухую и увядающую кожу</span><br></li><li><span style=\"line-height: 1.45em;\">Борется с пагубными последствиями курения, стрессов.</span><br></li></ul><p></p><p><b>Противопоказания</b>: индивидуальная непереносимость, инфекционные заболевания кожи.</p><h4>2. посредством препарата гиалуформ - биоревитализант 1% , гиалуформ -биоревитализант 1,8%, гиалуформ -биоревитализант 2,5%.</h4><p>Отличительные эффекты применения разных концентраций (1 %, 1,8 %, 2,5%) препаратов для биоревитализации:</p><p><b>Гиалуформ биоревитализант 1%</b> обладает более выраженным увлажняющим эффектом, чем гиалуформ биоревитализант 1,8%. &nbsp;</p><p></p><ul><li><span style=\"line-height: 1.45em;\">Его применение на первой процедуре курса биоармирования обязательно;</span><br></li><li><span style=\"line-height: 1.45em;\">Использование Гиалуформа биоревитализанта 1% не имеет альтернативы в тех случаях, когда нужен антиоксидантный эффект у лиц молодого возраста при наличии признаков фотостарения;</span><br></li></ul><p></p><p>Применение<b> Гиалуформа биоревитализанта 1,8%</b> рекомендовано в случае более выраженных эстетических недостатков, он позволяет добиваться следующих результатов:</p><p></p><ul><li><span style=\"line-height: 1.45em;\">структурирование (биоармирование) дермы носит более выраженный характер;</span><br></li><li><span style=\"line-height: 1.45em;\">эффект лифтинга (подтяжки) тканей наступает быстрее и является более стойким;</span><br></li></ul><p></p><p><b>Гиалуформ биоревитализант 2,5% </b>содержит гиалуроновую кислоту высокой степени очистки с равномерным молекулярно–массовым распределением.</p><p>Уникальный состав: гиалуроновая кислота частично ретикулированная, аминокислоты: глицин, пролин, лизин, аскорбиновая кислота. Глицин, пролин, лизин являются структурной единицей коллагена &nbsp;и необходимы для его синтеза в дерме, а витамин С &nbsp;участвует в реакциях гидроксилирования остатков пролина и лизина, необходимых для стабилизации тройной спирали коллагена. Присутствие аминокислот делают препарат более пластичным по сравнению с &nbsp;гиалуформом - биоревитализантом 1,8%.</p><br><p></p>\r\n','<p>Первые признаки старения кожи, по исследованиям последних лет, напрямую зависят от количества собственной гиалуроновой кислоты, которая \"отвечает\" за плотность, эластичность и тонус молодой кожи. Как только содержание гиалуроновой кислоты в тканях снижается, - начинается ускоренное старение и истончение кожи, меняется ее защитный потенциал и в результате наша кожа становится более уязвимой для агрессивного воздействия внешней среды.<br></p>',NULL,1,2,3,0),(8,2,'Объемное моделирование','Текстовое описание','<p>Текстовое описание<br></p>\r\n','<p>Текстовое описание<br></p>\r\n',NULL,1,2,4,0),(9,2,'Ботулотерапия','Текстовое описание','<p>Текстовое описание<br></p>','<p>Текстовое описание<br></p>',NULL,1,2,5,0),(10,2,'Химический пилинг','Химический пилинг – один из самых популярных нехирургических методов омоложения. «Химия, химическое» ассоциируется чаще всего с чем-то искусственным, не натуральным. Одним словом, доверия не вызывает. А зря. Между прочим, именно химические пилинги – одни из самых щадящих и в то же время эффективных.','<p><p><b>Химический пилинг</b> – один из самых популярных нехирургических методов омоложения. «Химия, химическое» ассоциируется чаще всего с чем-то искусственным, не натуральным. Одним словом, доверия не вызывает. А зря. Между прочим, именно химические пилинги – одни из самых щадящих и в то же время эффективных.</p><p>Процедура пилинга основывается на «агрессии во благо».</p><p>Способность к регенерации – важнейшее свойство кожи, без которого она не могла бы выполнять роль барьера между организмом и внешней средой. Малейшая брешь в ней может стать роковой, поэтому реакция на повреждение наступает незамедлительно. Сигналом к восстановительным работам является любое травмирующее воздействие: царапина, ссадина, ожог, отшелушивание роговых чешуек и т.д. Пилинг является той косметической процедурой, которая основана на этой уникальной способности кожи.</p><p><b>Целью косметического пилинга</b> является улучшение внешнего вида и продление молодости. Контролируя процессы травмы и заживления кожи, косметологи добиваются удивительных результатов в устранении дефектов кожи, таких как морщины, пигментные пятна, рубцы и следы от акне, растяжки, расширенные поры, угревая сыпь и др.</p><p>Уже после одной процедуры проведения пилинга Вы заметите, что кожа стала гладкой, бархатистой, приобрела ровный матовый оттенок.</p><h3>Виды пилинга</h3><p>Все средства пилинга по механизму воздействия можно разделить на 3 основные группы:</p><p><ul><li><span style=\"line-height: 1.45em;\">механический пилинг (ручной пилинг препаратами, включающими в себя гранулы или микрокристаллы)</span><br></li><li><span style=\"line-height: 1.45em;\">аппаратный пилинг (ультразвуковой пилинг, лазерный пилинг)</span><br></li><li><span style=\"line-height: 1.45em;\">химический пилинг (основан на использование разных веществ, в основном кислот)</span><br></li></ul></p><p>Кроме того, методы пилинга следует различать по степени «агрессии» (глубине проникновения в кожные слои):</p><p><ul><li><span style=\"line-height: 1.45em;\">отшелушивание рогового слоя (эксфолиация) – очень мягкий поверхностный пилинг</span><br></li><li><span style=\"line-height: 1.45em;\">поверхностный пилинг (эпидермолиз)</span><br></li><li><span style=\"line-height: 1.45em;\">срединный пилинг</span><br></li><li><span style=\"line-height: 1.45em;\">глубокий пилинг</span><br></li></ul></p><p>Какой вид пилинга (глубокий пилинг, срединный пилинг или поверхностный) подходит именно Вам, решает косметолог на консультации. Например, для получения хорошего эстетического результата, за счет отшелушивания и стимулирующего воздействия на кожу подходит поверхностный пилинг для молодой кожи.</p><p>Чаще всего для <b>пилинга кислотой</b> используются органические кислоты:</p><p><ul><li><span style=\"line-height: 1.45em;\">При поверхностном пилинге – фруктовые кислоты: гликолевая, глюконовая, молочная, пировиноградная, фитиновая</span><br></li><li><span style=\"line-height: 1.45em;\">При срединном и глубоком пилинге – трихлоруксусная кислота</span><br></li></ul></p><p>Воздействие в химическом пилинге кислотой на поверхностные и средние слои кожи обеспечивается равномерное отшелушивание нескольких слоев омертвевших клеток. Это в свою очередь стимулирует синтез коллагена и эластина, в результате чего возникают молодые клетки и наблюдается общее омоложение кожи.</p><p>Как мы уже сказали выше, в косметологии выделяют поверхностный, срединный и глубокий химический пилинг. Поверхностный - на уровне рогового слоя, срединный - на уровне эпидермиса, глубинный – с повреждением базальной мембраны (граница между эпидермисом и дермой).</p><h3>Поверхностный пилинг (гликолевый, глюконовый, ретиноловый)</h3><p><b>Фруктовый пилинг</b>. Это пилинг фруктовыми кислотами: гликолевой, молочной, винной, яблочной и т.д. Фруктовые пилинги наиболее точно определяют слово «поверхностный». Ведь это – очень щадящая методика, которая не выбиваем из рабочего ритма. Такой пилинг можно делать для профилактики старения кожи и использовать до самой старости.</p><p><b>Показаниями для фруктового пилинга</b> являются:</p><p><ul><li><span style=\"line-height: 1.45em;\">проблемы с жирной кожей</span><br></li><li><span style=\"line-height: 1.45em;\">следы от угрей</span><br></li></ul></p><p>Методику, концентрацию кислоты и количество процедур определяет врач-дермакосметолог. Результат процедуры зависит от времени воздействия кислоты. Обычно это 5-10 сеансов с перерывом в 7-10 дней. Во время проведения серии процедур и месяц спустя нельзя загорать.</p><p>Пилинг фруктовыми кислотами – самый мягкий вид пилинга.</p><p><b>Гликолевый пилинг</b>. Говоря о поверхностном пилинге, чаще всего имеют в виду пилинг гликолевой кислотой, глюконовой кислотой, а также ретиноевый пилинг. При пилинге гликолевой кислотой, её концентрация варьируется – от 25% на начальном этапе до 70% - в конце. Гликолевый пилинг действует лишь на поверхностный слой кожного покрова. Он безопасен и не требует анестезии. Это щадящая процедура, она придает свежий вид усталой коже, а при регулярном применении оказывает непревзойденный результат. Поверхностный гликолевый пилинг абсолютно не травмирует кожу и напоминает о себе лишь легким розоватым оттенком, который держится в течение часа. Гликолевые пилинги сегодня невероятно популярны.</p><p><b>Пилинг глюконовой кислотой</b>, ЛЕТНИЙ ПИЛИНГ, эффективен для любой кожи, даже для сверхчувствительной, безопасен в любое время года. Обладая всеми преимуществами гликолевой кислоты по запуску процессов регенерации кожи, глюконовая кислота имеет и свои специфические свойства: препятствует разрушению эластина при воздействии ультрафиолетового излучения и повышает барьерные свойства кожи, которые с годами снижаются.</p><p>Глюконовый пилинг решает многие дерматокосметалогические задачи:</p><p><ul><li><span style=\"line-height: 1.45em;\">оказывает выраженное омолаживающее, лифтинговое действие</span><br></li><li><span style=\"line-height: 1.45em;\">улучшает качество кожи</span><br></li><li><span style=\"line-height: 1.45em;\">разглаживает мелкие поверхностные морщины</span><br></li><li><span style=\"line-height: 1.45em;\">запускает процессы регенерации клеток кожи</span><br></li><li><span style=\"line-height: 1.45em;\">активирует синтез компонентов дермального матрикса</span><br></li><li><span style=\"line-height: 1.45em;\">профилактика акне, т.к. восстанавливает увлажненность и повышает барьерные свойства кожи</span><br></li><li><span style=\"line-height: 1.45em;\">укрепляет поддерживающий каркас кожи</span><br></li><li><span style=\"line-height: 1.45em;\">лечение гиперпигментаций, гиперкератоза</span><br></li><li><span style=\"line-height: 1.45em;\">профилактика фотостарения кожи</span><br></li><li><span style=\"line-height: 1.45em;\">может применяться как процедура ухода для выходного дня</span><br></li></ul></p><p>Специфическая роль глюконовой кислоты – восстановление оптимального уровня гидратации кожи, увлажнение всех ее слоев, улучшает передачу сигнала от клетки к клетке, что стимулирует активность факторов роста и способствует омоложению кожи. В рецептуру пилинга помимо основного компонента – глюконовой кислоты – в незначительном количестве включены молочная и лимонная кислоты. Молочная кислота является компонентом натурального увлажняющего фактора рогового слоя и аккумулируясь в нем, повышает его гидратацию. Глюконовая кислота в сочетании с глюконолактоном, с молочной и лимонной кислотами обладает смягчающими и увлажняющими свойствами. Для блокирования возможных осложнений в виде воспаления кожи, в рецептуру введены полифенолы зеленого чая, витамин С и пантенол.</p><p><b>Ретиноловый пилинг </b>ещё называют «жёлтым» пилингом (сделан на основе вытяжки из растения Урукум), относится к категории поверхностно-срединных. Он считается одним из наиболее бережных и может проводиться даже на молодой коже.</p><p>Основная причина применения ретиноевых пилингов:</p><p><ul><li><span style=\"line-height: 1.45em;\">мелкие и глубокие морщины</span><br></li><li><span style=\"line-height: 1.45em;\">гиперпигментация, постакне</span><br></li><li><span style=\"line-height: 1.45em;\">фотостарение</span><br></li></ul></p><p>Ретиноловый пилинг нормализует процессы дифференцировки и кератинизации эпидермоцитов, стимулирует синтез эпидермальных липидов клетками шиповатого слоя. Ретиноевый пилинг восстанавливает популяцию клеток Лангерганса, активизирует синтез основных структур дермального матрикса (коллагена, эластина), стимулирует ангиогенез. Благодаря процедуре значительно улучшается реэпителизация тканей оказывает себостатическое и комедонолитическое действие.</p><h3>Срединный пилинг (трихлоруксусная и салициловая кислота)</h3><p>Суть данного вида пилинга состоит в применении трихлоруксусной (ТСA-пилинг) или салициловой кислоты.</p><p>Срединный пилинг и глубокий пилинг проводятся при коррекции возрастных изменений кожи, глубоких морщин, пигментации, сухости кожи. Срединный пилинг дает хороший омолаживающий эффект (пилинг лица). Пилинг тела решает локальные проблемы (например, сглаживание следов от рубцов, коррекция стрий). Глубокий пилинг эффективен после проведения пластических операций (омолаживающих). Также глубокий пилинг лица незаменим при решении таких проблем как, акне, постакне, устранение пигментных пятен, лечение рубцов.</p><p>Препарат на основе <b>трихлоруксусной кислоты</b>:</p><p><ul><li><span style=\"line-height: 1.45em;\">заметно улучшает оттенок кожи, устраняя неэстетичные пигментные пятна и разглаживая морщинки</span><br></li><li><span style=\"line-height: 1.45em;\">постакне</span><br></li></ul></p><p>Такой кислотный пилинг дает потрясающий эффект настоящего омоложения. Кожа сохраняет красноватый оттенок в течение трех дней, затем омертвевшие клетки отшелушиваются. Наиболее распространены кислотные пилинги с 15-35% трихлоруксусной кислотой (так называемые ТСА пилинг), которые наносят в течение 10-15 минут. Процедура бывает болезненной, врач может рекомендовать обезболивающие средства или использовать холод на место аппликации.</p><p><b>Салициловый пилинг</b>. Салициловая кислота (также известная под названием 2-гидроксибензольная) является бета-гидрокислотой с кератолитическими свойствами, производящая довольно сильный противовоспалительный и антисептический эффект.&nbsp;</p><p>Основными показаниями к применению являются:</p><p><ul><li><span style=\"line-height: 1.45em;\">Себорея</span><br></li><li><span style=\"line-height: 1.45em;\">акне I и II степени тяжести</span><br></li><li><span style=\"line-height: 1.45em;\">постакне</span><br></li><li><span style=\"line-height: 1.45em;\">возрастные изменения кожи (естественное, гормональное и фотостарение), &nbsp;5.гиперпигментация</span><br></li><li><span style=\"line-height: 1.45em;\">сенильное лентиго</span><br></li><li><span style=\"line-height: 1.45em;\">актинический гиперкератоз</span><br></li></ul></p><p>Запрещено использовать салициловый пилинг при: индивидуальной непереносимости, нарушениях целостности кожных покровов, при появлении активных воспалительных процесс на коже, а также в случае герпеса в активной фазе или длительном пребывании на солнце.</p><h3>Глубокий химический пилинг кожи &nbsp;(феноловый пилинг)&nbsp;</h3><p>Оказывает воздействие на глубокие слои кожи для коррекции морщин и рубцов, гиперкератоза и пигментации. Феноловые пилинги (пилинг для лица) дают выраженный эффект лифтинга, сопоставимый с результатами пластической операции. Это самый глубокий пилинг, самый радикальный вид пилинга. Наряду с лазерной шлифовкой, глубокий феноловый пилинг дает впечатляющие результаты.</p><p>Процедуру глубокого химического пилинга необходимо проводить в условиях стационара. Это очень болезненная и серьёзная процедура. Назначить её может только специалист в условиях стационара.</p><p>В салоне Asia-Spa Вы можете сделать любой из этих видов пилинга - гликолевый, ТСА - пилинг на любой зоне (лицо, шея, декольте, руки, тело) и др. Перед проведением процедуры вы получите консультацию наших специалистов, которые будут также наблюдать вас во время.</p><p>Однако многие специалисты считают эти техники пилинга слишком агрессивными. Того же мнения придерживаются и косметологи салона эстетической медицины Asia-Spa. Именно поэтому большинство косметологов (в т.ч. и наши врачи) остановили свой выбор на химических поверхностных пилингах АНА и химических срединных пилингах ТСА, особое место среди которых занимает гликолевый пилинг. Эти косметические пилинги не только зарекомендовали себя на мировом рынке, но и проверены на практике косметологами нашего салона.</p><h3>Пилинг тела</h3><p>Наше тело также требует постоянного внимания и ухода. Пилинг тела (пилинг кожи) – это решение многих эстетических проблем безоперационным путем. Пилинг тела (глубокий пилинг, срединный пилинг или поверхностный) помогает справиться с такими проблемами, как:</p><p><ul><li><span style=\"line-height: 1.45em;\">целлюлит (в комплексе с мезотерапией, обертываниями, разными видами массажа)</span><br></li><li><span style=\"line-height: 1.45em;\">потеря упругости и эластичности кожи в зоне декольте и бюста, бедер и ягодиц, живота</span><br></li><li><span style=\"line-height: 1.45em;\">стрии (растяжки)</span><br></li><li><span style=\"line-height: 1.45em;\">акне спины, груди</span><br></li><li><span style=\"line-height: 1.45em;\">преждевременное &nbsp;увядание кожи рук, которая наиболее подвержена воздействиям негативных факторов</span><br></li><li><span style=\"line-height: 1.45em;\">избыточный вес (ожирение ) (в комплексе с мезотерапией, обертываниями, разными видами массажа)</span><br></li></ul></p><p>Прекрасно зарекомендовал себя срединный пилинг, который обладает накопительным эффектом, за счет улучшения структуры самой кожи. Сначала кожа становится гладкой, розовой. Через несколько недель появляется заметный лифтинговый омолаживающий эффект. Срединный пилинг не сравнится ни с одной самой дорогой косметической процедурой, которую предлагают салоны.</p><p>Пилинг тела (пилинг кожи) не только решает проблемы кожи, но и оказывает общее стимулирующее воздействие на организм. Улучшается кожное дыхание, повышается тургор кожи, ее гладкость и увлажненность, устраняется отечность. Пилинг тела – это еще и заряд бодрости, хорошего настроения, Вы ощущаете легкость и жизненный тонус.</p><p>Проводить процедуры химического пилинга можно начиная с периода полового созревания и до глубокой старости.</p><h3>После процедуры пилинга</h3><p>Первый эффект после пилинга виден сразу же. Уже после первой процедуры пилинга кожи лица или тела Вам гарантированы, как минимум, улучшение цвета и выравнивание текстуры кожи.</p><p>Для достижения полного и стойкого результата количество процедур пилинга индивидуально и зависит от особенностей пациента, характера проблем, их давности и степени сложности и т.д. Глубокий пилинг, например, проводится с более продолжительным интервалом, чем поверхностный. В среднем требуется сделать пилинг от 4 до 6 раз для получения восхитительного и длительного результата.</p><p>Основные эффекты от процедуры (пилинг кожи, пилинг тела, пилинг лица):&nbsp;</p><p><ul><li><span style=\"line-height: 1.45em;\">Выравнивание текстуры и цвета кожи</span><br></li><li><span style=\"line-height: 1.45em;\">Очищение и сокращение пор</span><br></li><li><span style=\"line-height: 1.45em;\">Стимуляция собственных процессов кожи</span><br></li><li><span style=\"line-height: 1.45em;\">Стимуляция синтеза эластина и коллагена</span><br></li><li><span style=\"line-height: 1.45em;\">Лифтинг кожи</span><br></li><li><span style=\"line-height: 1.45em;\">Улучшение микроциркуляции</span><br></li><li><span style=\"line-height: 1.45em;\">Лимфодренаж</span><br></li></ul></p><p>Пилинг лица требует строго соблюдения постпилингового ухода, что служит гарантией от возникновения осложнений и повышает эффективность процедуры.</p><h3>Противопоказания к пилингу</h3><p>Пилинг кожи (пилинг лица и тела) – это своего рода лечение, поэтому, как любая терапия, каждый из кислотных пилингов (и не только!) имеет как свои особые показания, так и противопоказания к применению.</p><p>К строгим общим противопоказаниям на проведение пилинга относятся:</p><p><ul><li><span style=\"line-height: 1.45em;\">беременность</span><br></li><li><span style=\"line-height: 1.45em;\">лактация</span><br></li><li><span style=\"line-height: 1.45em;\">герпес в стадии обострения</span><br></li><li><span style=\"line-height: 1.45em;\">лихорадка (температура)</span><br></li></ul></p><br></p>','<p>Способность к регенерации – важнейшее свойство кожи, без которого она не могла бы выполнять роль барьера между организмом и внешней средой. Малейшая брешь в ней может стать роковой, поэтому реакция на повреждение наступает незамедлительно. Сигналом к восстановительным работам является любое травмирующее воздействие: царапина, ссадина, ожог, отшелушивание роговых чешуек и т.д. Пилинг является той косметической процедурой, которая основана на этой уникальной способности кожи.<br></p>',NULL,1,2,6,0),(11,2,'Нитевое омоложение','Текстовое описание','<p>Текстовое описание<br></p>','<p>Текстовое описание<br></p>',NULL,1,2,7,0),(12,2,'Плазмолифтинг','Текстовое описание','<p>Текстовое описание<br></p>','<p>Текстовое описание<br></p>',NULL,1,2,8,0),(13,2,'Лаеннек/Курасен.','Текстовое описание','<p>Текстовое описание<br></p>','<p>Текстовое описание<br></p>',NULL,1,2,9,0),(14,3,'Элос омоложение','ELOS омоложение – это новейший метод терапии, направленный на стимуляцию естественных восстановительных процессов в коже, стал прорывом в аппаратном омоложении лица благодаря своей высокой эффективности, безопасности и безболезненности. Сегодня ELOS – это проверенный способ обновить кожу, избавиться от нежелательных морщин и косметических дефектов и вновь обрести здоровье, молодость и красоту.','<p></p><h3>Что происходит во время процедуры омоложения при помощи технологии ELOS?</h3><p>Пульсовой свет селективно абсорбируется (поглощается) в содержащих хромофоры (меланин, гемоглобин) кожных структурах – кровеносных сосудах, пигментных образованиях, волосяных фолликулах. Пульсовый свет, воздействуя на такие структуры, преобразуется в тепловую энергию, таким образом, в данных областях повышается температура. Поэтому уменьшается сопротивление кожи, кожа на короткое время становится проводником энергии радиочастот. Энергия радиочастот, протекая через кожу от одного электрода к другому, нежно, не повреждая кожу, нагревает ее, уничтожая структуры, абсорбировавшие интенсивный пульсовый свет. Происходящий здесь локальный термолиз приводит к желаемому результату – пигментные и сосудистые образования постепенно светлеют и пропадают. Благодаря воздействию интенсивного пульсового света и радиочастот на коллаген кожа становится более упругой, ровной, расширенные поры сужаются.</p><p>Исключительная <b>безопасность процедуры</b> обеспечивается благодаря измерению изменений температуры и сопротивления кожи во время каждого импульса. В зависимости от соотношения данных показателей (ISL – Impedance Safety Limit), врач во время омоложения кожи может регулировать интенсивность пульсового света и энергии радиочастот с учетом индивидуального типа кожи каждого пациента и реакции кожи на процедуру. Кроме того, во время каждого импульса кожа локально охлаждается до 5°C, таким образом, риск повреждения кожи сводится к минимуму. Пациент во время лечения обычно ощущает только тепло или покалывание, в то время как при применении приборов омоложения кожи старшего поколения, зачастую встречаются жалобы на болевые ощущения или жжение.</p><p><b>Для ELOS омоложения кожи</b> обычно рекомендуется проводить 6 процедур через каждые 3–8 недель. Структура кожи не изменяется вдруг, осветление пигментных пятен становится заметным через 2–4 недели после проведенной процедуры, сосудистые образования бледнеют через 8–10 недель. Необходимо помнить, что сразу после лечения нежелательные признаки старения кожи остаются потемневшими, пока не начинают исчезать. Сразу после 1 процедуры омоложения могут проявиться какие-либо дефекты в виде пигментации, которые были не видны. Происходит «очищение» кожи от пигментов расположенных в более глубоких слоях кожи, затем они осветляются обычным способом путем мелкодисперсного шелушения. Пациенты могут этого и не заметить. Необходимо предупредить, чтобы их самостоятельно не скрабировали в виду возможности рубцевания. Особенностью гормональной пигментации является, что как такового шелушения не будет, а будет «рассасываться» изнутри.</p><p>Воздействие радиочастотных и оптических (световых) энергий на стимуляцию коллагена носит кумулятивный (накопительный) характер. Для повышения упругости кожи рекомендуется проводить курс ELOS омоложения &nbsp;из 6 процедур. При определенном генетическом, гормональном состоянии организма может, не удастся достичь желаемого эффекта.</p><h3>Противопоказания к применению процедуры ELOS -омоложения:</h3><p></p><ul><li><span style=\"line-height: 1.45em;\">Аллергия на свет и/или солнце;</span><br></li><li><span style=\"line-height: 1.45em;\">Прием ретиноидов (синтетических препаратов вит. A) в течение последних 6 месяцев; прием в течение последнего месяца антибиотиков группы тетрациклинов или других медикаментов, повышающих чувствительность кожи к свету, при употреблении которых нельзя применять лечение светом;</span><br></li><li><span style=\"line-height: 1.45em;\">Беременность;</span><br></li><li><span style=\"line-height: 1.45em;\">Келоидные (разросшиеся) рубцы, предраковые состояния кожи;</span><br></li><li><span style=\"line-height: 1.45em;\">Злокачественные кожные образования;</span><br></li><li><span style=\"line-height: 1.45em;\">Сердечный электростимулятор или дефибриллятор;</span><br></li><li><span style=\"line-height: 1.45em;\">Сильный солнечный загар, химический загар (кремы с эффектом загара и т.п.);</span><br></li><li><span style=\"line-height: 1.45em;\">Инфекция, вызванная вирусом герпеса, или инфекция какого-либо другого происхождения с нарушением целостности кожи (экзема, псориаз и пр.) в области применения лечения;</span><br></li><li><span style=\"line-height: 1.45em;\">Нарушения свертываемости крови (риск усиленного кровотечения в результате коагулопатий), применение лекарств, понижающих свертываемость крови (антикоагулянтов);</span><br></li><li><span style=\"line-height: 1.45em;\">Тромбоэмболические заболевания;</span><br></li><li><span style=\"line-height: 1.45em;\">Неконтролируемый сахарный диабет;</span><br></li><li><span style=\"line-height: 1.45em;\">Шлифовка кожи лазером (resurfacing) в течение последних трех месяцев;</span><br></li><li><span style=\"line-height: 1.45em;\">Индивидуально принимается решение относительно применения процедуры в случае аллергии на никель, поскольку электроды прибора покрыты никелем;</span><br></li><li><span style=\"line-height: 1.45em;\">Прием ОК Диане-35. Могут быть множественные осветления.</span></li></ul><p></p><br><table id=\"table97556\"><tbody><tr><td style=\"text-align: center;\">Оптическая энергия &nbsp;<br></td><td style=\"text-align: center;\">Синергия&nbsp;<br></td><td style=\"text-align: center;\">&nbsp;Электрическая энергия<br></td></tr><tr><td><p>&nbsp; &nbsp;<img src=\"/media/uploads/images/24eec09697c76f28d1093304e180c2c9.jpg\" style=\"cursor: nw-resize;\">&nbsp; &nbsp;</p></td><td><p>&nbsp; &nbsp;<img src=\"/media/uploads/images/17b6a933e282691e7c5e6227792e01d6.jpg\" style=\"\">&nbsp; &nbsp;</p></td><td><p>&nbsp; &nbsp;<img src=\"/media/uploads/images/ff9317df3027a1ffe966671a59f94fb9.jpg\" style=\"\">&nbsp; &nbsp;</p></td></tr></tbody></table><p></p><br><p></p>\r\n','<p>Старение кожи – это не только появление морщин. Это и неравномерность цвета кожи, образование различных пигментных пятен, расширение мелких кожных сосудов, увеличение пор, уменьшение упругости и эластичности кожи. Все эти изменения бывают обусловлены не только возрастом, но и длительным воздействием ультрафиолетовых лучей, генетическими факторами и факторами окружающей среды, заболеваниями внутренних органов.<br></p>',NULL,1,2,10,0),(15,3,'Элос коагуляция пигментных образований','Текстовое описание','<p>Текстовое описание<br></p>','<p>Текстовое описание<br></p>',NULL,1,2,11,0),(16,3,'Элос коагуляция  сосудистых образований','Элос-коагуляция всего за несколько процедур способна навсегда избавить вас от сосудистых сеточек в любой области на лице и теле. В основе действия этого прибора - технология ELOS (ЭЛОС). ELOS является самой последней разработкой в медицинской косметологии. Теперь вы можете забыть об операциях, склеротерапии и лазере.','<h3><p></p></h3><p>Сосудистые звездочки, сосудистая сетка на лице или теле портят внешний вид. Факторы воздействия, неизбежные для жителей крупных городов, – компьютеры, стрессы, нарушения в питании, недосыпания, чрезмерные нахождения на солнце, курение, алкоголь – являются основными причинами возникновения проблем с сосудами.</p>\r\n\r\n<p>Сосудистые дефекты на лице и теле не только портят внешний вид, но и являются заболеванием, которое со временем активно прогрессирует и ускоряет процессы старения кожи.</p>\r\n\r\n<p>Расширенные сосуды на лице и теле – сосудистые сеточки красного или синего цвета – встречаются довольно часто. Диаметр здоровых кровеносных сосудов – около 20 микрон. Расширенные сосуды, диаметром 100 микрон и больше, образуют <b>телеангиэктазии</b>. Термин телеангиэктазия произошел от трех латинских слов tel, angio, ectasia, обозначающих расширенный кончик сосуда.</p>\r\n\r\n<p>На сегодняшний день в медицинской косметологии существует множество <b>способов удаления сосудистых патологий</b>. В салоне эстетической медицины «Asia-Spa» применяются безоперационные методы удаления сосудов, которые позволят вам восстановить прежний вид кожи лица или тела, не меняя свой привычный образ жизни.</p>\r\n\r\n<p>Самым эффективным на сегодняшний день, по мнению ведущих мировых специалистов, является израильский метод <b>ELOS удаление сосудов</b>. Метод представляет собой сочетание инфракрасного света и радиоволнового биполярного тока. Сочетание двух факторов позволяет использовать их в безопасных дозах, что позволяет проводить процедуру без побочных эффектов, таких как ожоги, рубцы и шрамы, что часто проявлялось при применении ранее использовавшихся методов.</p>\r\n\r\n<p>Суть технологии<b> ELOS</b> при лечении расширенных капилляров основана на поглощении гемоглобином световой и электрической энергии и локальном повышении температуры на внутренней стенке сосуда. При этом не повреждаются окружающие ткани и здоровые сосуды. Вследствие этого капилляр нагревается до температуры, приводящей к спаиванию его стенок, разрушению и исчезновению. После процедуры происходит изменение цвета обработанных сосудов. В течение нескольких дней обработанные сосуды и капилляры полностью исчезают. Курс лечения составляет в среднем 1–2 процедуры.</p>\r\n\r\n<h3>Противопоказанием к проведению процедуры является</h3>\r\n\r\n<p><ul><li><span style=\"line-height: 1.45em;\">беременность</span><br></li><li><span style=\"line-height: 1.45em;\">период лактации</span><br></li><li><span style=\"line-height: 1.45em;\">онкологические заболевания</span><br></li><li><span style=\"line-height: 1.45em;\">кардиостимуляторы</span><br></li></ul></p>\r\n\r\n\r\n\r\n\r\n\r\n\r\n\r\n<p>Врач &nbsp;при первичной консультации определит проблему, при необходимости порекомендует дополнительное обследование, поставит диагноз и назначит необходимый курс лечения.</p>\r\n<br>\r\n<p></p>','<p>По статистике проблема сосудистого рисунка встречается более чем у 90% взрослых. Сосудистые звездочки или телеангиоэктазии - это очаговое расширение подкожных сосудиков (капилляров), артерий и венок, которые образуют скопления в виде звездочек и целых сеточек.<br></p>',NULL,1,2,12,0),(17,3,'Фракционный фототермолиз MXIR','Текстовое описание','<p>Текстовое описание<br></p>','<p>Текстовое описание<br></p>',NULL,1,2,13,0),(18,3,'Фракционная шлифовка','Текстовое описание','<p>Текстовое описание<br></p>','<p>Текстовое описание<br></p>',NULL,1,6,14,0),(19,3,'RF','Текстовое описание','<p>Текстовое описание<br></p>','<p>Текстовое описание<br></p>',18,2,3,14,1),(20,3,'CO2','Текстовое описание','<p>Текстовое описание<br></p>','<p>Текстовое описание<br></p>',18,4,5,14,1),(21,3,'Элос лечение акне','Текстовое описание','<p>Текстовое описание<br></p>','<p>Текстовое описание<br></p>',NULL,1,2,15,0),(22,3,'Термолифтинг','Текстовое описание','<p>Текстовое описание<br></p>','<p>Текстовое описание<br></p>',NULL,1,2,16,0),(23,3,'УЗ лифтинг на уровне SMAS','SMAS лифтинг - это глубокая подтяжка лица, которая способна повернуть стрелки часов на 10-15 лет назад! ','<p><p></p><p>Оноре де Бальзак, несомненно, был гением. Но если Вы не хотите, чтобы Ваш возраст ассоциировался с небезызвестным \"дама бальзаковского возраста\", SMAS лифтинг, выполненный профессионалами МХЦ Платинентал, - вот решение!</p><p>SMAS лифтинг - это глубокая подтяжка лица, которая способна повернуть стрелки часов на 10-15 лет назад! Современная пластическая хирургия SMAS лифтинг использует как самую передвою методику круговой подтяжки лица. При этой процедуре подтягивается не только кожа, но и плотные ткани, лежащие глубоко под кожей - так называемый поверхностный мышечно - апоневротический слой, сокращенно - SMAS. Это дает выраженный эффект подтяжки лица, максимально устойчивый во времени.</p><p>Пластика лица SMAS рекомендована, если признаки возраста выражены ярко, если на лице имеются избытки кожи или жировых отложений.</p><p>СМАС подтяжка оптимальна до 45 лет: пока кожа еще хорошо сокращается. Впрочем, если нет противопоказаний, SMAS лифтинг лица может быть выполнен даже в 80.</p><h3>Как проходит SMAS подтяжка лица</h3><p>Как правило, SMAS подтяжка проводится под внутривенным наркозом без использования общего наркоза. Разрезы делаются внутри ушной раковины и за ухом. Операция продолжается от 1,5 до 2,5 часов. Хирург отслаивает кожу средней зоны лица и верхней области шеи. В ходе операции доктор фиксирует SMAS-ткани в новом положении.</p><p>Чтобы в ходе пластики лица SMAS методом добиться более впечатляющего результата, может быть выполнена пластика более глубоких структур. Для этого челюстно-лицевой хирург работает с тканями лица на уровне надкостницы. Решение о глубине отслойки кожи принимается оперирующим хирургом индивидуально в каждом случае.</p><p>В ходе SMAS подтяжки, как правило, выполняется лифтинг шеи и зоны декольте, чтобы избежать контраста подтянутого лица и дряблой шеи. Хорошо сочетается СМАС подтяжка и с липосакцией (удаление избытков жира), что позволяет убрать второй подбородок, «бульдожьи щечки», сделать лицо более худым и добиться выраженного омолаживающего эффекта.</p><p>Вместе с круговой подтяжкой хирург может рекомендовать выполнить подтяжку лба и лифтинг бровей. Если появляются показания, через 8-10 лет круговую подтяжку лица можно повторить.</p><br></p>','<p>СМАС подтяжка оптимальна до 45 лет: пока кожа еще хорошо сокращается. Впрочем, если нет противопоказаний, SMAS лифтинг лица может быть выполнен даже в 80.<br></p>',NULL,1,2,17,0),(24,3,'Коррекция фигуры на аппарате Vela Shape','Аппарат Vela Shape - это устройство, которое объединяет в себе технологию Elos и механическую обработку кожи с использованием мягкой вакуумной аспирации с механическим воздействием или без него.','<p><h3>Безоперационное уменьшение объемов тела, устранение целлюлита аппаратом Vela Shape</h3><p>Аппарат Vela Shape - это устройство, которое объединяет в себе технологию Elos (электро-оптический синергизм) и механическую обработку кожи с использованием мягкой вакуумной аспирации с механическим воздействием или без него. &nbsp;Аппарат предназначен для медицинских или косметических целей и позволяет временно снизить внешнее проявление целлюлита и временно уменьшить обхват бедер. Он может использоваться для снятия несильных болей и мышечных спазмов , а также для улучшения локальной циркуляции крови. Помимо этого аппарат можно использовать для инвазивной коррекции фигуры за счет временного уменьшения обхвата бедер.</p><p>Система отличается простотой в эксплуатации, безопасностью и надежностью. В основе работы системы лежат следующие технологии:</p><p><ul><li><span style=\"line-height: 1.45em;\">Инфракрасная (ИК) оптическая энергия</span><br></li><li><span style=\"line-height: 1.45em;\">Биполярный высокочастотный (ВЧ) электрический ток</span><br></li><li><span style=\"line-height: 1.45em;\">Механическая манипуляция (вакуум с воздействием массажных роликов или без этого воздействия)</span><br></li></ul></p><p>Одновременное использование всех трех технологий обеспечивает повышение температуры кожи и подкожного слоя, &nbsp;а механическое воздействие способствует улучшению циркуляции кожи, усиленному лимфодренажу, и также повышению интенсивности метаболизма жировой ткани.</p><h3>Процедура Vela Shape</h3><p>При воздействии технологии Elos (ИК и ВЧ энергии) на дерму/гиподерму происходит повышение температуры тех тканей, которые вносят вклад в образование целлюлита. Под воздействием вакуума повышается интенсивность кровообращения. Гипертермическое воздействие на кровь со стороны ИК и ВЧ излучения приводит к повышению диффузности кислорода. В свою очередь это ведет к ускорению метаболического расщепления жира, накопленного в жировых клетках (липолиз), и, следовательно, к уменьшению размеров жировых клеток. В результате, благодаря снижению количества выпуклых участков, возникновение которых, в основном, обусловлено расширением скоплений жировых клеток вверх из закрепленной мембраны соединительной ткани, кожа становится более гладкой.</p><p>Механическое воздействие со стороны вакуума и массажных роликов мягко размягчает кожу и способствует более глубокому проникновению тепла в дерму и гиподерму. механическое воздействие способствует выведению излишнего количества межклеточной жидкости из дермы и верхних слоев гиподермы в лимфатическую систему.</p><p>Оба действия: уменьшение размеров жировых клеток и вывод излишков межклеточной жидкости в лимфатическую систему, ведут к сокращению мембраны соединительной ткани и, следовательно, к уменьшению размеров камер с жировыми клетками, что, в свою очередь, приводит к снижению проявления целлюлита и обхвата тела.</p><br></p>','<p>Моделирование фигуры с помощью VelaShape — это постепенный процесс, во время которого организм понемногу, шаг за шагом, привыкает к «новым» контурам тела. Именно такая — постепенная — коррекция очертаний фигуры является определенной гарантией стойкости достигнутого результата.<br></p>',NULL,1,2,18,0),(25,3,'Коррекция фигуры на аппарате Kestos','KESTOS – это облегченный вариант TEI SYSTEM. Прибор оснащен микропроцессором, имеет 14 специальных программ, дающих быстрый результат похудения, лечения ожирения и тяжелых форм целлюлита, лимфодренажа, коррекции фигуры, укрепления мышц и восстановления функции кожи. Результаты достигаются быстро, комфортно и заметны уже после первого сеанса.','<p><p>Прибор для коррекции фигуры, оснащенный микропроцессором, имеет 14 специальных программ, дающих быстрый результат коррекции фигуры.</p><p><b>KESTOS</b> – это облегченный вариант TEI SYSTEM. Прибор оснащен микропроцессором, имеет 14 специальных программ, дающих быстрый результат похудения, лечения ожирения и тяжелых форм целлюлита, лимфодренажа, коррекции фигуры, укрепления мышц и восстановления функции кожи. Результаты достигаются быстро, комфортно и заметны уже после первого сеанса.</p><p>Новый прибор KESTOS впервые сочетает термотерапию с электростимуляцией, предлагая новую концепцию лечения с двойной эффективностью и гарантированным результатом при лечении различных форм целлюлита, ожирения, коррекции фигуры.</p><p>Косметологические эффекты применения термотерапии (применения тепла) и электростимуляции широко известны. Инфракрасное излучение увеличивает температуру тела в зоне применения и его эффект сохраняется в течение 48 часов после окончания лечения. Это повышение температуры повышает метаболическую активность на 66% по отношению к метаболизму при обычной температуре, осуществляя при этом глубокий эффект (на мышечную ткань и подкожный тканевый слой).</p><p>Сочетанное воздействие тепла и мио-стимуляции препятствует дряблости кожи, также эффекты электростимуляции становятся более приятными и действенными вследствие подготовки и метаболизации, производимыми тепловой терапией.</p><p>Благодаря <b>термостимуляции</b> результаты заметны с первого сеанса. Результаты достигаются без боли и дискомфорта за меньшее время и меньшее количество сеансов.</p><p>В KESTOS тепловая терапия реализуется при помощи специальных силиконовых лент, которые также служат проводниками стимулирующих токов. Прибор позволяет регулировать отдельно каждый канал. Можно выключить отдельно тепловое воздействие или стимуляцию, и использовать KESTOS как прибор только термотерапии или только стимуляции.</p><h3>Что может быть достигнуто с помощью KESTOS:</h3><p><ul><li><span style=\"line-height: 1.45em;\">коррекция фигуры.</span><br></li><li><span style=\"line-height: 1.45em;\">видимое сокращение объёма тела сразу после первого сеанса</span><br></li><li><span style=\"line-height: 1.45em;\">снижение веса</span><br></li><li><span style=\"line-height: 1.45em;\">укрепление зон тела со сниженным тонусом</span><br></li><li><span style=\"line-height: 1.45em;\">улучшение крово- и лимфообращения, уменьшение отеков нижних конечностей&nbsp;</span><br></li><li><span style=\"line-height: 1.45em;\">улучшение состояния кожи, профилактика старения</span><br></li><li><span style=\"line-height: 1.45em;\">анальгезирующий и успокаивающий эффекты, уменьшение напряжения и бессонницы, профилактика стресса</span><br></li></ul></p><p>KESTOS представляет широкий выбор программ в соответствии с существующей проблемой, что позволяет достичь большей эффективности и удовлетворения нужд клиентов.</p><br></p>','<p>KESTOS представляет широкий выбор программ в соответствии с существующей проблемой, что позволяет достичь большей эффективности и удовлетворения нужд клиентов.<br></p>',NULL,1,2,19,0),(26,3,' Биоэлектрическая коррекция фигуры на аппарате Транзион','Метод для похудения, сжигания жиров и коррекции фигуры, основан на стимуляции мышц. При процедурах TRANSION мы воздействуем на мышцы электронными волнами с целью достижения стройности, подтянутости и похудения. Метод эффективен для тех, у кого избыточный вес, ожирение, и для лечения в конкретных областях накопления жира. Единственный метод, позволяющий одновременно укреплять мышцы и сжигать каллории.','<p><p>Метод для похудения, сжигания жиров и коррекции фигуры, основан на стимуляции мышц. При процедурах TRANSION мы воздействуем на мышцы электронными волнами с целью достижения стройности, подтянутости и похудения.</p><p>Метод эффективен для тех, у кого избыточный вес, ожирение, и для лечения в конкретных областях накопления жира ( живот, бёдра, спина и т.д.). Единственный метод, позволяющий одновременно укреплять мышцы и сжигать каллории.</p><h3>Как это работает?</h3><p>Процедуры TRANSION подобны сконцентрированной тренировке тела, сочетающей сжигание калорий и укрепление мышц. После интенсивного физического усилия падает уровень инсулина в крови и повышается выделение адреналина, стимулирующего использование жиров из жировой прослойки и снабжение организма энергетическими веществами , которые в процессе сжигаются. Если возвращаемся к процессу снова и снова (тренировка), наблюдается улучшение состава жиров в крови . Процедуры с помощью электронных импульсов обеспечивают мышцам тот процесс, что возникает во время физических нагрузок, то есть практически тренируют мышцы.</p><p>25 минут процедуры TRANSION равны 3-х часовой тренировке . Импульсы посылают ряд волн на нервные окончания мышц, производят действия, распространяемые по длинне волокон мышцы и начинают реакцию сокращения. Это действие придаёт лёгкое вращательное движение возбуждаемой мышце.</p><p>Сочетание действий сокращения и кругового движения производит действие « выжимания», ведущее к выдавливанию и удалению жидкостей между тканями. Потребление энергии происходит во время сжатия мышц, что приводит к сжиганию каллорий, помогая похуданию. Обновление веществ, полных этой энергией, происходит во время отдыха мышц , благодаря окислению сахаров и жира. И это предотвращает накопление веществ –обычное явление у людей с избытком веса. Действие повторяющегося и возвращающегося механизма сокращения во время процедуры связано с обновлением массы мышцы – влияние , желательное для улучшения и укрепления фигуры.&nbsp;</p><h3>Результаты лечения</h3><p><ul><li><span style=\"line-height: 1.45em;\">Корректировка и укрепление мышц</span><br></li><li><span style=\"line-height: 1.45em;\">Уменьшение в объёме и весе</span><br></li><li><span style=\"line-height: 1.45em;\">Разрушение целлюлита и растворение жира</span><br></li><li><span style=\"line-height: 1.45em;\">Уменьшение производства инсулина в теле по следующей схеме: меньше инсулина в теле = меньше жира, производимого организмом</span><br></li><li><span style=\"line-height: 1.45em;\">Рост производства гликогена пробуждает использование жира, накапливаемого в теле&nbsp;</span><br></li><li><span style=\"line-height: 1.45em;\">Существенное снижение триглицеридов в крови = сильное потребление энергии, высвобождающейся из жиров</span><br></li><li><span style=\"line-height: 1.45em;\">Усиливает процесс выделения ядовитых веществ из организма</span><br></li></ul></p><h3>Преимущества метода</h3><p><ul><li><span style=\"line-height: 1.45em;\">без каких-либо последствий, без ощущений боли или усталости</span><br></li><li><span style=\"line-height: 1.45em;\">сочетание сжигания каллорий с коррекцией тела</span><br></li><li><span style=\"line-height: 1.45em;\">общая положительная оздоровительное влияние</span><br></li><li><span style=\"line-height: 1.45em;\">возможность сфокусировать лечение в специфических проблемных зонах&nbsp;</span><br></li><li><span style=\"line-height: 1.45em;\">ощутимые видимые результаты</span><br></li><li><span style=\"line-height: 1.45em;\">без лекарственного или другого вмешательства</span><br></li><li><span style=\"line-height: 1.45em;\">без особого физического напряжения</span><br></li></ul></p><br></p>','<p>25 минут процедуры TRANSION равны 3-х часовой тренировке. Импульсы посылают ряд волн на нервные окончания мышц, производят действия, распространяемые по длинне волокон мышцы и начинают реакцию сокращения. Это действие придаёт лёгкое вращательное движение возбуждаемой мышце.<br></p>',NULL,1,2,20,0),(27,3,'УВ терапия','Текстовое описание','<p>Текстовое описание<br></p>','<p>Текстовое описание<br></p>',NULL,1,2,21,0),(28,3,'Эпиляция волос','Эпиляция волос - уничтожение волоса вместе с уничтожением волосяного фолликула. Предлагаем окончательное решение проблемы нежелательного роста волос, то есть волосы в зоне проведения процедуры не растут очень долгое время','<p>Эпиляция волос - уничтожение волоса вместе с уничтожением волосяного фолликула. Предлагает окончательное решение проблемы нежелательного роста волос, то есть волосы в зоне проведения процедуры не растут очень долгое время (2 года и более)<br></p>','<p>XXI век принес нам избавление от психологического дискомфорта и мучительных комплексов, связанных с нежелательным ростом волос. Эпиляция александритовым лазером стала настоящей панацеей, которая позволила людям иметь гладкую кожу без следов волос.<br></p>',NULL,1,8,22,0),(29,3,'Электроэпиляция','Электроэпиляция – самый изученный и проверенный временем способ удаления волос, к тому же единственный, для которого нет ограничений по цвету кожи и волос.','<p><p>Электроэпиляция применяется в Европе с 40-х годов нашего столетия. В ее основе лежит удаление волос путем воздействия электрическим током на волосяную луковицу (фолликул). Ток подается через тонкую иглу, которая вводится в кожу на глубину расположения волосяного фолликула, где происходит разрушение ростковой зоны волоса.</p><p>Волосы человека в один момент времени находятся в разных стадиях, разрушить можно только видимые, находящиеся в активной фазе роста (около 20%). Главное - застать и достать каждый волос в нужный период, т.е. именно тогда, когда он связан с фолликулом, а для этого требуется проведение серии сеансов.</p><h3>Оборудование и анестезия</h3><p>Выбирая оборудование для электроэпиляции, мы остановили свой выбор на современных компьютеризированных аппаратах итальянского производства &nbsp;испанском \"Ros`s\".</p><p>А использование испанских одноразовых игл \"WYC\" (медицинская сталь) делает процедуру безопасной и не травматичной.&nbsp;</p><p>Чтобы процедура электроэпиляции проходила еще более безболезненно, в нашем салоне применяются различные способы анестезии: в виде крема \"Эмла\" (аппликация), 10% лидокаина (спрей), 2% лидокаина (в ампулах) и ультракаина (в ампулах). Какой именно вид анестезии применить решает специалист согласовано с клиентом.</p><h3>Процедура</h3><p>При электроэпиляции удаляется каждый волос в отдельности, минимальная длина волоса должна быть не менее 5 миллиметров. В каждую волосяную луковицу вводится тончайшая игла, с которой поступает электрический разряд, уничтожающий зону роста волоса. Методов проведения электроэпиляции несколько, и специалист нашего салона, учитывая Ваши индивидуальные особенности, выберет нужный. &nbsp;</p><h3>Рекомендации</h3><p>После эпиляционная обработка проводится 2 раза в день в течении недели одним из предложенных средств:</p><p><ul><li><span style=\"line-height: 1.45em;\">настойка календулы</span><br></li><li><span style=\"line-height: 1.45em;\">пантенол (спрей или крем)</span><br></li><li><span style=\"line-height: 1.45em;\">крем \"Спасатель\" (для сухой, склонной к аллергии кожи)</span><br></li><li><span style=\"line-height: 1.45em;\">крем \"Скорая помощь\", \"Солкосирил\" (для жирной кожи)</span><br></li></ul></p><p>Первые сутки эпилированный участок не мочить. Не рекомендуется посещение бани, сауны, бассейна и солярия первую неделю после процедуры.</p><h3>Противопоказания</h3><p><ul><li><span style=\"line-height: 1.45em;\">беременность</span><br></li><li><span style=\"line-height: 1.45em;\">гипертония</span><br></li><li><span style=\"line-height: 1.45em;\">ишемическая болезнь сердца (в тяжелой форме)</span><br></li><li><span style=\"line-height: 1.45em;\">сахарный диабет</span><br></li><li><span style=\"line-height: 1.45em;\">онкологические заболевания</span><br></li><li><span style=\"line-height: 1.45em;\">варикозное расширение вен</span><br></li><li><span style=\"line-height: 1.45em;\">гнойных и воспалительных заболеваний кожи</span><br></li><li><span style=\"line-height: 1.45em;\">установлены кардиостимуляторы или металлические протезы</span><br></li><li><span style=\"line-height: 1.45em;\">нарушение свертываемости крови</span><br></li></ul></p><h3>Электроэпиляция в салоне эстетической медицины «Asia-Spa» - это</h3><p><ul><li><span style=\"line-height: 1.45em;\">Скорость работы мастера \"\" - 80</span><br></li><li><span style=\"line-height: 1.45em;\">Высокая эффективность после первых обработок при отросших волосах: 83% волос исчезает после первой обработке;</span><br></li><li><span style=\"line-height: 1.45em;\">Высочайшая точность попадания в зону роста волоса;</span><br></li><li><span style=\"line-height: 1.45em;\">Рост волос не более 17% после первой процедуры;</span><br></li><li><span style=\"line-height: 1.45em;\">Безболезненная процедура – все работы проводятся с помощью местного обезболивания, если у женщины высокий болевой порог чувствительности;</span><br></li><li><span style=\"line-height: 1.45em;\">Консультации по всем вопросам, связанным с повышенным ростом волос, бесплатные.</span><br></li></ul></p><p><i>Мы поможем Вам избавиться от нежелательных волос лица, тела и зоны бикини, независимо от их толщины и места расположения!&nbsp;</i></p><p>Волосы могут быть удалены практически в любой части тела. Некоторые общие области для женщин включают линию брови, вершины носа, щек, области короткого бачка, верхней и нижней губы, подбородка, горла, шеи, плеч, спины, грудной клетки, молочных желёз, живота, рук, ног, линии бикини, пальцев ног и рук. Волосы на ресницах, в носу и в канале уха могут подвергнуться обработке только после дополнительного обследования врачом. Мужчинам часто удаляли волосы по линии бороды, плеч, задней части шеи, ушей, груди и носа. Электроэпиляция очень полезна для того, чтобы удалить вросшие волосы, которые часто вызывают раздражение.</p><br></p>','<p>Электроэпиляция применяется в Европе с 40-х годов прошлого столетия. Современная электроэпиляция более чем за полвека далеко ушла от своей прародительницы. Теперь это максимально эффективная процедура.<br></p>',28,2,3,22,1),(30,3,'Биоэпиляция','Биоэпиляция – это удаление нежелательных волос с помощью специальных восков, в состав которых входят биомасла. Биоэпиляция по праву считается самым популярным способом удаления нежелательных волос. Ее основными плюсами являются: доступность, эффективность (после биоэпиляции Вы сможете наслаждаться гладкой кожей в течение 2-4 недель), безопасность (эта процедура подходит даже для кормящих мам и людей с чувствительной кожей).','<p></p><h2>Восковая депиляция</h2><p>Восковая депиляция один из самых простых способов избавиться от нежелательных волос. Этот метод депиляции обеспечит вам гладкость ваших рук и ног на длительное время (2 – 3 недели).</p><h3>Оборудование и тип воска</h3><p>Для разогревания воска салон \"ЭпилСити\" использует воскоплавы испанской фирмы \"BEAUTY IMАGE\" (\"Бьюти имидж\"). А для удаления волос мы работаем только с натуральными смолами и восками французской фирмы \"REFERENCE\" (\"Реферанс\"). Методика \"Реферанс\" основана на последовательном применении специальных косметических средств на основе эфирных масел, растительных экстрактов и активных компонентов морской среды, благодаря которым воск не только идеально удаляет волосы, но и обеспечивает превосходный уход за кожей.</p><p>Мы предлагаем 2 типа мягкой и эффективной эпиляции воском, выбранной в зависимости от типа кожи:</p><p><ul><li><span style=\"line-height: 1.45em;\">эпиляция волос на теле с помощью бумаги (удаление салфетками)</span><br></li><li><span style=\"line-height: 1.45em;\">удаление воска рукой на чувствительных участках (воск без салфеток для области бикини, подмышек и лица)</span><br></li></ul></p><h3>Процедура</h3><p>Цель депиляции - это удаление волоса вместе с волосяной луковицей. Чтобы этого добиться, необходимо плотное прилегание наносимого воска к поверхности кожи. Для этого мастер тщательно подготовит кожу с помощью лосьона, который удаляет остатки косметики для тела, приостанавливает потоотделение, помогает удалять очень короткие волосы благодаря эффекту \"гусиной кожи\". Для разогревания воска требуется от 20 до 40 минут. Высокая температура при аппликации позволяет коже \"распариться\", расширить поры и, как следствие убрать большее количество волос с не очень выраженными болевыми ощущениями. Воск наносится на кожу или из банки деревянным шпателем, или с помощью картриджа. Быстрым движением руки воск снимается. Чтобы полностью удалить остатки воска мастер использует специальное масло, которое также успокаивает и смягчает кожу.</p><p>При внешней простоте и относительной безболезненности биоэпиляция все же оказывает разрушающее действие на всю систему волоса. Этот метод позволяет Вам наслаждаться гладкой кожей, по крайней мере, недели две-три. Более того, известны случаи когда упорное применение воска в течении нескольких лет приводило к окончательному прекращению волос.</p><h3>Рекомендации</h3><p>Рекомендуемая длина волос от 5 мм. Первые сутки после процедуры исключить пребывание на солнце, в солярии, бассейне и сауне.</p><h3>Противопоказания</h3><p><ul><li><span style=\"line-height: 1.45em;\">выраженное варикозное расширение вен</span><br></li><li><span style=\"line-height: 1.45em;\">сахарный диабет</span><br></li><li><span style=\"line-height: 1.45em;\">гнойные и воспалительные заболевания кожи</span><br></li></ul></p><h2>Шугаринг</h2><p>Важным свойством шугаринга является отсутствие красителей и других химических компонентов, она абсолютно гипоаллергенна и не вызывает раздражения кожи.</p><p>Процесс депиляции происходит достаточно просто и практически безболезненно для клиента. Для начала мастер проводит обработку специальным тоником и обезжиривает кожу, главным образом это необходимо для лучшего захвата волосков. На втором этапе наносится сахарная паста, стоит заметить, что наносится она на небольшие участки кожи, а удаление происходит в сторону роста волос, этот нюанс делает Шугаринг максимально эффективным. В завершении процесса мастер покрывает обработанную поверхность ментоловым кремом с повышенным содержанием питательных веществ.</p><p>Главным условием проведения сахарной эпиляции является длина волосков от 1,5-2 мм. После проведения процедуры желательно отказаться от посещения саун, соляриев и бассейнов.</p><p>Шугаринг практически не имеет противопоказаний, стоить быть максимально аккуратным при наличии сахарного диабета или гнойных ран на поверхности кожи.&nbsp;</p><p>Достигнутый результат проведения процедуры шугаринга сохраняется в течении 3-4 недель.</p><p>Шугаринг идеально подходит для кожи с повышенной чувствительностью или аллергией на воск.</p><p>Так же важным достоинством шугаринга, является дополнительный эффект пилинга, после процедуры кожа будет еще более гладкой и мягкой.</p><p>Заметим так же, что сахарная депиляция проходит без применения высоких или низких температур, это делает процедуру шугаринга абсолютно гипотермичной. Весь процесс проходит при естественной температуре тела, это исключает возникновение ожогов или расширения сосудов. И конечно, нельзя не упомянуть, о том что шугаринг самый гигиеничный способ борьбы с нежелательными волосками, ведь сахар уничтожает большое количество бактерий и это свойство сводит к минимуму возможность заражения.&nbsp;</p><p>Остатки сахарной пасты по окончанию процедуры удаляются обычной теплой водой, без применения каких либо масленых и других средств.</p><p>Подводя итог, скажем, что удаление волос сахарной пастой на сегодняшний день самый популярный и часто используемый метод биоэпиляции, применяемый как в салонах и студиях красоты, так и в частном порядке в домашних условиях. Ведь он:</p><p><ul><li><span style=\"line-height: 1.45em;\">не имеет противопоказаний (кроме сахарного диабета)</span><br></li><li><span style=\"line-height: 1.45em;\">не оставляет вросших волос</span><br></li><li><span style=\"line-height: 1.45em;\">не вызывает аллергии и может применятся на всех зонах&nbsp;</span><br></li><li><span style=\"line-height: 1.45em;\">создает эффект пилинга</span><br></li><li><span style=\"line-height: 1.45em;\">легко удаляется с помощью воды</span><br></li></ul></p><p>И это далеко не весь список достоинств шугаринга перед другими методами биоэпиляции.</p><p><p></p><br></p>','<p>При регулярном проведении биоэпиляции рост волос замедляется, часть травмированных волосяных луковиц гибнет, и поэтому интервал между процедурами постепенно увеличивается. При этом волосы становятся более тонкими, мягкими и светлыми.<br></p>',28,4,5,22,1),(32,3,'Elos эпиляция','ELOS-эпиляция — самая современная, эффективная и безопасная система удаления волос. В процессе процедуры волосяной фолликул разрушается под единовременным действием энергии высокочастотного светового импульса и тока.','<p><p>ELOS-эпиляция — самая современная, эффективная и безопасная система удаления волос.</p><p>В процессе процедуры волосяной фолликул разрушается под единовременным действием энергии высокочастотного светового импульса и тока.</p><p>Процесс удаления волос довольно спокойный и комфортный. Перед сеансом ELOS - эпиляции врач-дерматокосметолог собирает подробную информацию о состоянии здоровья пациента, его типе кожи, цвете волос.</p><h3>Процедура ELOS-эпиляции</h3><p>Вы ложитесь на удобное кресло, учитывающее анатомические изгибы тела, надеваете темные очки, Вашу кожу защищают специальным прозрачным охлаждающим гелем, через который проходит свет. Врач — дерматокосметолог обрабатывает поверхность кожи сильными и короткими вспышками света, которые разрушают волосяные фолликулы. Процедуру проводят на новейшем аппарате E-Light. После процедуры на обработанную поверхность наносится специальный смягчающий аэрозоль или крем.</p><p>Процедура практически безболезненная, некоторые ощущают покалывание, но оно быстро проходит. При этом нет агрессивного воздействия на кожу, что дает возможность после процедуры не менять образ жизни.</p><p>Чтобы избавиться от нежелательных волос, необходимо пройти курс процедур ELOS - эпиляции. Это связано с тем, что во время сеанса разрушаются только те волосы, которые находятся в активной фазе роста (анаген). Интервалы между процедурами зависят от времени созревания луковицы. На разных участках тела периоды роста волос отличаются, но в среднем интервал между процедурами составляет 6 — 8 недель. Поэтому каждый новый сеанс ELOS - эпиляции будет направлен на удаление волос, которые находятся в фазе, идеальной для их устранения. Количество сеансов зависит от участка тела, но оно не превышает 10.</p><p>Именно такая процедура эпиляции обеспечивает невероятно стойкий эффект чистой, гладкой, нежной кожи.</p><p>Основа новой системы удаления волос — технология ELOS (ЭЛОС). Сегодня это самая современная технология, которая обеспечивает двойную защиту кожи, за счет охлаждения поверхности и контроля интенсивности воздействия на разные участки кожи. Это позволяет избежать перегревания кожи и сводит раздражение к минимуму. Технология ELOS намного безопаснее и комфортнее по сравнению с другими технологиями, основанными только на световой (лазерной или фото) энергии или только на энергии радиочастот.</p><p>При прохождении полного курса эпиляции, при регулярном повторении процедур и соблюдении всех рекомендаций можно избавиться от волос в проблемных зонах. Потребуется до 10 процедур. Эффективность процедур зависит от зоны эпиляции: зона бикини, лицо, руки, ноги, зона над верхней губой и другие, а также от цвета волос и типа кожи, наличия или отсутствия загара.</p><p>ELOS - &nbsp;эпиляция — уникальный метод, который по принципу действия не имеет ничего общего с лазерной эпиляцией, электроэпиляцией, фото эпиляцией и другими видами удаления волос (восковая эпиляция, выщипывание, депилирующий крем). Он более совершенен и основан на сочетании двух видов энергии. Это позволяет наиболее точно разрушать структуру волоса, прекращая его рост.</p><p>Эпиляция ELOS - системой E-Light, практически исключает противопоказания для проведения процедур, т.к. это более совершенная и безопасная технология эпиляции.</p><h3>Исключения составляют</h3><p><ul><li><span style=\"line-height: 1.45em;\">Беременность;</span><br></li><li><span style=\"line-height: 1.45em;\">Гипертермия;</span><br></li><li><span style=\"line-height: 1.45em;\">Онкологические (раковые) заболевания во время выполнения процедуры;</span><br></li><li><span style=\"line-height: 1.45em;\">Тяжелые, некомпенсированные заболевания внутренних органов, неконтролируемый диабет;</span><br></li><li><span style=\"line-height: 1.45em;\">Заболевания, на ход которых может оказать влияние воздействия волн интенсивного (лазерного) света: системная красная волчанка, порфирия, эпилепсия;</span><br></li><li><span style=\"line-height: 1.45em;\">Ослабление иммунной системы в результате AIDS, ВИЧ или применения лекарств, подавляющих иммунную систему (иммуносуппрессантов);</span><br></li><li><span style=\"line-height: 1.45em;\">Расстройства свертываемости крови (риск усиленного кровотечения в результате коагулопатий), применения лекарств, понижающих свертываемость крови (антикоагулянтов);</span><br></li><li><span style=\"line-height: 1.45em;\">Аллергия на свет и/или солнце;</span><br></li><li><span style=\"line-height: 1.45em;\">Инфекция, вызванная вирусом герпеса, или инфекция какого-либо другого происхождения с нарушением целостности кожи в области эпиляции;</span><br></li><li><span style=\"line-height: 1.45em;\">Келоидные (разросшиеся) рубцы, предраковые состояния кожи в области эпиляции;</span><br></li><li><span style=\"line-height: 1.45em;\">В течение последних трех месяцев выполненная процедура по омоложению кожи лица при помощи лазера или глубинный химический пилинг, если планируется удаление волос в области лица;</span><br></li><li><span style=\"line-height: 1.45em;\">Металлические импланты в области применения лечения;</span><br></li><li><span style=\"line-height: 1.45em;\">Наличие стимулятора сердечной деятельности;</span><br></li><li><span style=\"line-height: 1.45em;\">Наличие кохлеарного импланта.</span><br></li></ul></p><p>При проведении ELOS - эпиляции бикини, молочных желез и подмышечных впадин может понадобиться сделать УЗИ , получить заключение врача эндокринолога или маммолога (это уточнит врач в нашей клинике на консультации).</p><p>Нежелательные волосы доставляют много неприятностей не только женщинам. Очень часто мужчин беспокоит раздражение после бритья в области шеи. Многие мужчины хотят избавиться от волос в области спины, подмышек и т.д. Поэтому мы рады, что в нашей клинике все чаще появляются мужчины, готовые решить свои проблемы.</p><p>В нашем салоне эстетической медицины «Asia-Spa» ELOS - эпиляция проводиться с помощью новейшего аппарата E-Light, в основе которого — безопасность, надежность, эффективность.</p><p>За одну процедуру разрушается 10-11% волосяных фолликулов и волосяных сосочков, что приводит к полной остановке роста волос на данном участке кожи. С помощью E-Light, обрабатывается один квадратный сантиметр кожи меньше, чем за одну секунду.</p><p>С новой системой, эпиляция быстра и почти безболезненна, риск побочных явлений сводится к минимуму. Вы будете ощущать ее как комфортный процесс, чувствуя лишь легкое покалывание.</p><p>Накануне, перед процедурой эпиляции необходимо выровнять волосы с помощью простого бритья в домашних условиях.</p><p>До начала проведения процедуры, волосы равномерно отрастают (до 1-2 мм), именно такая длина волоса позволяет наиболее эффективно проводить основной курс эпиляции, т.к. короткий стержень волоса ускоряет и улучшает проведение энергии, тем самым, разрушая волосяной фолликул и волосяной сосочек.</p><p><b>E-Light</b> — это не только система удаления волос, но и система ухода за кожей. Поэтому после эпиляции, Вы можете пройти другие косметические процедуры, направленные на увлажнение, питание и повышения упругости кожи.</p><p>Теперь и у Вас появилась уникальная возможность пройти эпиляцию волос с устойчивым эффектом и максимальной выгодой для себя. Достаточно записаться на первую консультацию дерматокосметолога в нашем &nbsp;салоне эстетической медицины «Asia-Spa» &nbsp;по телефону в Чите 35-94-54.</p><br></p>','<p>Технология эпиляции ELOS намного эффективнее и комфортнее по сравнению с другими видами эпиляции, потому что ЭЛОС-эпиляция — это не фотоэпиляция и не лазерная эпиляция, а сочетание сразу двух видов энергий.<br></p>',28,6,7,22,1),(33,4,'Уход за лицом','Первое, обычно, зачем приходят в салон красоты – это уход за лицом. Кожа лица является наиболее уязвимой и чувствительной. Подумайте только: зимой – мороз, снег, весной – сырость, летом – сухой воздух и солнечные лучи, осенью – дождь. И все это время наше лицо открыто! Как же его уберечь? Конечно, всевозможные средства существуют для этого в изобилии, однако, когда к делу подходит профессионал – уход получается намного действеннее и эффективнее.','<p>Первое, обычно, зачем приходят в салон красоты – это уход за лицом. Кожа лица является наиболее уязвимой и чувствительной. Подумайте только: зимой – мороз, снег, весной – сырость, летом – сухой воздух и солнечные лучи, осенью – дождь. И все это время наше лицо открыто! Как же его уберечь? Конечно, всевозможные средства существуют для этого в изобилии, однако, когда к делу подходит профессионал – уход получается намного действеннее и эффективнее.<br></p>','<p>Первое, обычно, зачем приходят в салон красоты – это уход за лицом. Кожа лица является наиболее уязвимой и чувствительной. Подумайте только: зимой – мороз, снег, весной – сырость, летом – сухой воздух и солнечные лучи, осенью – дождь. И все это время наше лицо открыто! Как же его уберечь? Конечно, всевозможные средства существуют для этого в изобилии, однако, когда к делу подходит профессионал – уход получается намного действеннее и эффективнее.<br></p>',NULL,1,16,23,0),(34,4,'Изоджей','Текстовое описание','<p>Текстовое описание<br></p>','<p>Текстовое описание<br></p>',33,2,3,23,1),(35,4,'МТТ','Текстовое описание','<p>Текстовое описание<br></p>','<p>Текстовое описание<br></p>',33,4,5,23,1),(36,4,'ГЖ Пилинг','Текстовое описание','<p>Текстовое описание<br></p>','<p>Текстовое описание<br></p>',33,6,7,23,1),(37,4,'Ультразвуковая терапия','Текстовое описание','<p>Текстовое описание<br></p>','<p>Текстовое описание<br></p>',33,8,9,23,1),(38,4,'Массажные техники','Текстовое описание','<p>Текстовое описание<br></p>','<p>Текстовое описание<br></p>',33,10,11,23,1),(39,4,'Комплексные чистки','Текстовое описание','<p>Текстовое описание<br></p>','<p>Текстовое описание<br></p>',33,12,13,23,1),(40,4,'Уходовые программы для лица','Текстовое описание','<p>Текстовое описание<br></p>','<p>Текстовое описание<br></p>',33,14,15,23,1),(41,4,'Уход за телом','Наше тело нуждается в уходе ничуть не меньше, чем лицо или волосы. Но, к сожалению, очень часто ему достается гораздо меньше внимания, что со временем приводит к появлению таких негативных последствий как целлюлит, чрезмерная сухость кожи, растяжки и пигментация. При правильном и  грамотном уходе можно без труда избежать всех этих проблем, сохранив привлекательность тела на долгие годы.','<p>Наше тело нуждается в уходе ничуть не меньше, чем лицо или волосы. Но, к сожалению, очень часто ему достается гораздо меньше внимания, что со временем приводит к появлению таких негативных последствий как целлюлит, чрезмерная сухость кожи, растяжки и пигментация. При правильном и &nbsp;грамотном уходе можно без труда избежать всех этих проблем, сохранив привлекательность тела на долгие годы.<br></p>','<p>Естественная красота тела является главным богатством любой женщины. Как же сохранить привлекательность и молодость кожи? В чем же секрет долголетия шикарной внешности? Девизом многих женщин становится постоянный уход за телом!<br></p>',NULL,1,10,24,0),(42,4,'Обертывания','Обертывание - косметическая процедура, заключающаяся в обертывании проблемных зон с помощью специальной пленки для создания парникового эффекта. Парниковый эффект приводит к активизации кровообращения и усилению деятельности потовых и сальных желез, в результате чего из обернутых зон выводятся шлаки. ','<p><p>В силу физиологических особенностей большинство женщин сталкивается с такими проблеми, как, гиподинамия, нерациональное питание, малоподвижный образ жизни, курение, нарушение микроциркуляции и возникновения фиброзно-дистрофических изменений в различных слоях кожи, которые и формируют эффект «апельсиновой корки». Целлюлит в большинстве случаев начинается с поврежденных капилляров и ухудшения микроцеркуляции. Развивается отек, сдавливается в первую очередь лимфатические сосуды. Что приводит к еще большему увеличению отека, наполняются в тканях продукты метаболизма, развитие мелкой гипоксии и дистрофических изменений.</p><p>Поэтому для достижения положительного результата нужно делать обертывания и сочетать с другими антицеллюлитными процедурами – миостимуляцией, массажем, физическими нагрузками и правильным питанием.</p><p>В салоне эстетической медицины «Asis-Spa» широкий выбор различных процедур, где специалист работает на уровне эпидермиса Это – различные пилинги, как поверхностные, так и более глубокие, обёртывания.</p><p>Обертывания делятся на<b> холодные и горячие</b>.</p><p>При <b>холодных обертываниях</b> капилляры и сосуды сужаются, а кровь и лимфа несут токсины и шлаки во внутренние очистительные органы. Рекомендуется при отеках, усталости, тяжести в ногах, а так же в качестве реабилитации после склерозирования вен. Повышают тонус кожи и укрепление тканей.</p><p><b>Горячие обертывания</b> расширяют сосуды и активируют кровообращение, идет улучшение микроциркуляции и лимфотока, уменьшается эффект «апельсиновой корки». Повышается эластичность и укрепление кожи, уменьшение объемов.</p><p>Составы, которые применяют для процедуры обертывания, как правило, приготовлены на основе трав и морепродуктов. Чаще всего это морские водоросли и грязи. Обертывания <b>с микронизированными водорослями </b>(талассотерапия) значительно уменьшают целлюлитные бугорки, делают кожу упругой и эластичной, насыщают организм всевозможными витаминами и минеральными веществами. Морепродукты в целом оказывают на организм общеукрепляющее, повышающее иммунитет действие, дарят прилив сил и улучшение настроения. Морские водоросли сочетают с растительными экстрактами, из которых наиболее известны плющ, кофеин, мускус, гурана и кремний. Поэтому водорослевые обертывания являются одними из лучших.</p><p><b>Шоколадное обертывание</b> – процедура для коррекции объемов, терапия целлюлита, релаксации и улучшения общего самочувствия.</p><p><b>Маска-скраб с сахарной папайей</b>. Весной и осенью,рекомендуется для очищения восстановления естественной защитной и гидралипидного слоя, обновления пимания кожи.</p><p><b>Глубокие уходовые стимулирующие процедуры</b> – это глубокое очищение кожи. В состав входят мультифруктовые компоненты натурального происхождения, содержащие 5 фруктовых кислот (гликолевую, молочную, мочковую, тартановую, лимонную).</p><p>Идет выравнивание текстуры и цвета кожи, коррекция рубцов, уменьшение пигментации и уменьшение микроскопических морщин. Устранение видимых признаков старения, как обвисающая кожа. Идет естественных процесс восстановления кожи, в результате чего она имеет более свежий вид. Кожа на ощупь становится более упругой и выглядит подтянутой.</p><br></p>','<p>Обертывания особенно полезны при лечении всех стадий целлюлита, они очищают кожу, улучшают обмен веществ в подкожной клетчатке, способствуя выведению шлаков и токсинов, ускорению кровообращения и оттока лимфы.<br></p>',41,2,3,24,1),(43,4,'Программы Holy Land','Текстовое описание','<p>Текстовое описание<br></p>','<p>Текстовое описание<br></p>',41,4,5,24,1),(44,4,'Программы Guam','Текстовое описание','<p>Текстовое описание<br></p>','<p>Текстовое описание<br></p>',41,6,7,24,1),(45,4,'Программы жернетик','Текстовое описание','<p>Текстовое описание<br></p>','<p>Текстовое описание<br></p>',41,8,9,24,1),(46,5,'Перманентный макияж','Перманентный макияж (микропигментирование) – это модная и современная технология, позволяющая изменить внешность, создать яркий, привлекательный образ, устранить природные дефекты лица.','<p><p>В наше время стрессов и спешки извечное стремление женщины к красоте также велико, как и в древности, но времени на уход остается меньше и меньше. Мы мечтаем выглядеть ухоженными и стильными при любых обстоятельствах и в любое время суток, при этом, не слишком отвлекаясь на обновление макияжа. Для тех, кто выбирает перманентный макияж, эта мечта становится реальностью.</p><p>Если брови по какой-либо причине выпали, их можно нарисовать с помощью перманентного макияжа, и выглядеть они будут как натуральные. Если же брови в наличии есть, но они чем-то не нравятся, можно изменить их ширину, форму или цвет.</p><p>Форму глаз усовершенствуют за счет коррекции век и усиления эффекта густых ресниц. После этого косметикой можно будет пользоваться реже, а это значит, что морщинки вокруг глаз будут возникать не такими быстрыми темпами.</p><p>Кстати, татуаж бывает двух типов: естественный (создается эффект пышных ресниц, линия бровей лишь слегка растушевана, а линия на губах не выходит за их пределы и совпадает с естественным цветом губ) и эффект подкрашенного лица, при котором заметно меняется форма глаз, губ или бровей.</p><p>Перманентный макияж (татуаж) поможет Вам получить те контуры своего лица, о которых, вы давно мечтали. Только Вы знаете, каким прекрасным может быть ваше лицо если его правильно накрасить. Позвольте узнать об этом другим. Будьте &nbsp;такой всегда.</p><p><b>Перманентный макияж (микропигментирование)</b> – это модная и современная технология, позволяющая изменить внешность, создать яркий, привлекательный образ, устранить природные дефекты лица.</p><p>Перманентный макияж – насколько он перманентен? Для ответа на этот вопрос нужно, в первую очередь, понять принципы выполнения перманентного макияжа.</p><p>Наша кожа состоит из трех слоев:</p><p><ul><li><span style=\"line-height: 1.45em;\">поверхностного – эпидермис или «верхняя кожа»</span><br></li><li><span style=\"line-height: 1.45em;\">глубокого - собственно кожа, или дерма</span><br></li><li><span style=\"line-height: 1.45em;\">подкожной жировой клетчатки</span><br></li></ul></p><p>Во время выполнения перманентного макияжа игла проникает в дерму, отсюда и происходит название метода – «дермопигментация». В глубоком слое кожи находятся кровеносные капилляры, нервные волокна и их окончания, поэтому введение пигмента вызывает кровотечение. Эпидермис состоит из пяти слоев. Самый верхний, роговой слой постоянно обновляется. Это происходит, преимущественно, во время ночного сна, когда расположенный глубже ростковый слой эпидермиса пополняется в ходе постоянного деления клеток. Молодые клетки перемещаются в направлении поверхностного слоя и постепенно роговеют. Таким образом, на поверхности кожи оказываются ороговевшие клетки, которые постоянно отшелушиваются. Так происходит регенерация эпидермиса, что не только обеспечивает защитную функцию кожи, но и способствует постепенному выведению красителя. В зависимости от индивидуальных особенностей обмена веществ и состава красителя перманентный макияж может держаться от 1 до 5 лет.</p><h3>Перманентный макияж - это больно?</h3><p>Эта процедура болезненна, так как игла достигает дермы, в которой находятся нервные окончания. Ощущаемая боль - не что иное, как сигнал организма о том, что затронуты нервные окончания. Мотивация и психологическая подготовка клиентки - вот что в наибольшей степени помогает снизить болевые ощущения.</p><h3>Противопоказаниями к перманентному макияжу</h3><p><ul><li><span style=\"line-height: 1.45em;\">склонность к образованию келоидных рубцов,</span><br></li><li><span style=\"line-height: 1.45em;\">сахарный диабет,</span><br></li><li><span style=\"line-height: 1.45em;\">дерматологические заболевания,</span><br></li><li><span style=\"line-height: 1.45em;\">повышенное кровяное давление,</span><br></li><li><span style=\"line-height: 1.45em;\">пониженная свертываемость крови,</span><br></li><li><span style=\"line-height: 1.45em;\">психологическая неустойчивость.</span><br></li></ul></p><h3>Процедура</h3><p>Процедура перманентного макияжа бровей длится около двух часов. Час отводится на консультацию, выбор цвета и подбор формы. Процесс введения пигмента длится от 30 до 60 минут в зависимости от типа кожи. С применением анестезии эта процедура проходит совершенно безболезненно. Перманентный макияж век – более «ощутимая» процедура, однако при использовании современных анестезирующих средств и правильной психологической подготовке она переносится легко.</p><p>При выполнении перманентного макияжа век пигмент вводится в зону роста ресниц (если он не выходит за границу ресничной линии, макияж выглядит максимально естественно). За счет такой техники появляется возможность создать эффект густых ресниц, а также деликатно скорректировать разрез и положение глаз на лице. Если перманентный макияж выполняется в виде стрелок или растушевки, глаза выглядят искусно подкрашенными.</p><p><b>Глаза</b></p><p>Наиболее применяемая техника перманентного макияжа межресничного пространства. Идет всем без исключения, создает эффект пышных ресниц. Так же выполняются стрелки на верхнем веке. Прорисовка &nbsp;нижнего века выполняется по желанию клиента.</p><p>Одна из востребованных процедур – перманентный макияж бровей. Изменяя форму бровей, делая их воздушными и летящими, можно подчеркнуть красоту разреза глаз, сделать их более выразительными. Для перманентного макияжа бровей применяется техника, имитирующая волоски, которая позволяет бровям выглядеть естественно и натурально.</p><p><b>Брови</b></p><p>Существует 2 техники выполнения перманентного макияжа бровей</p><p><ul><li><span style=\"line-height: 1.45em;\">техника тонировки</span><br></li><li><span style=\"line-height: 1.45em;\">волосковая методика</span><br></li></ul></p><p>Техника тонировки распространена в России, она проще в исполнении, требует меньше затраченного времени, полностью плотно затонированная бровь.</p><p>«Волосковая методика» - техника нанесения рисунка бровей отдельными волосками. Выглядит очень натурально, возможны различные варианты в зависимости от ситуации и желаемого эффекта.</p><p><b>Губы</b></p><p>Существует несколько вариантов перманентного макияжа губ</p><p><ul><li><span style=\"line-height: 1.45em;\">выполнение только контура губ, смотрится как обведенные карандашом губы</span><br></li><li><span style=\"line-height: 1.45em;\">выполнение контура губ с воздушной растушевкой – самый применяемый вариант, достигается эффект натуральности</span><br></li><li><span style=\"line-height: 1.45em;\">выполнение контура с плотной растушевкой с полным заполнением – это эффект постоянно накрашенных помадой губ</span><br></li></ul></p><br></p>','<p>Современная косметология дарит женщинам прекрасный шанс избежать каждодневных утомительных процедур «приведения себя в порядок» - перманентный макияж. Существуют специальные пигменты, с помощью который производится перманентный макияж (татуаж). Пигменты вводятся в верхний слой кожи и обеспечивают постоянный макияж в течение 3-5 лет. Эта технология позволяет скрыть все визуальные недостатки лица, экономит Ваше время - в любое время суток Вы выглядите шикарно.<br></p>',NULL,1,2,25,0),(47,5,'Контурный макияж','Текстовое описание','<p>Текстовое описание<br></p>','<p>Текстовое описание<br></p>',NULL,1,2,26,0),(48,5,'Завивка ресниц','Эта процедура придает ресницам соблазнительный изгиб, который держится приблизительно два месяца. Химическая завивка эффективна на ресницах любой длины. После химической завивки можно пользоваться косметикой,  носить контактные линзы, принимать солнечные ванны, водные процедуры, что очень актуально на отдыхе,  новая форма ресниц не пострадает.','<p><p>Новая улучшенная формула мягкой химической завивки &nbsp;помогает получить изящный изгиб ресниц на целых 6-8 недель. Конечно, немаловажную роль играют валики-бигуди разных диаметров, которые можно подобрать в зависимости от длины ресниц и желаемой формы и размера завитка. Ресницы не повреждаются и не ослабевают благодаря специальной технологии нанесения химического состава ( химический состав наносится только на середину ресниц, не попадая на слизистую глаз и кожу век) &nbsp;и дополнительным средствам по уходу, которые используются после проведённой процедуры.</p><p>Обычно специалисты не рекомендуют окрашивать ресницы сразу после химической завивки, но в 2007 году компания Wimpernwelle порадовала своих покупателей новинкой – щадящей краской для бровей и ресниц Binacil, которую можно наносить сразу после химической завивки. В этом случае время экспозиции на ресницах составит всего две минуты, и краска будет держаться на ресницах значительно дольше, чем при стандартном окрашивании.</p><br></p>','<p>Сегодня, благодаря новейшим технологиям женщины могут создать очаровательный образ и покорять мужские сердца обворожительным взмахом роскошных ресничек. Профессиональная химическая завивка ресниц способна придать невероятный изгиб и длину на длительное время. Уникальная методика абсолютно безболезненна и безопасна. &nbsp;Вам больше не придется задумываться о своей красоте, вы всегда будете неотразимы!<br></p>',NULL,1,2,27,0),(49,5,'Покраска ресниц и бровей','Текстовое описание','<p>Текстовое описание<br></p>','<p>Текстовое описание<br></p>',NULL,1,2,28,0),(50,5,'Пирсинг','Пирсинг — вид модификации тела, при котором в одной или нескольких частях лица из частей лица производится прокол с целью введения и ношения одного или нескольких украшений.','<p><p>Пирсинг является древнейшим способом украшения тела еще со времен Древнего Египта. А помнится еще каких-то пару десятков лет назад пирсинг у нас воспринимали, как нечто из ряда вон выходящее, мало кому нравилось подобного рода увлечение. Но уже прошли те времена, когда украшение тела считалось чем-то вызывающим и порочащим человека. Даже старшее поколение относится сейчас к этому спокойнее и понимающе. Пирсинг является очень распространенным явлением.</p><p>На свете уже миллионы людей имеют на теле различные проколы по всему телу: уши, нос, губы, пупок и т. д. Но людям непросвещенным трудно представить все разнообразие украшений тела, которые позволительно сделать с помощью пирсинга.&nbsp;</p><p>Итак, вы решились! Выберите салон, в котором будете делать прокол. Пирсер (мастер, который будет вам делать прокол) обязательно должен соблюсти все гигиенические требования! МирСоветов советует проследить за тем, чтобы мастер продезинфицировал инструменты и серьгу.&nbsp;</p><p>После всех приготовлений мастер отметит на теле точку – место будущего прокола. Процедура будет длиться секунды. Наверняка, Вас попросят сделать глубокий вдох – сконцентрируйтесь именно на нем, и тогда Вы даже не поймете, как это произошло! Мастер обработает место прокола специальными антисептиками, по вашему желанию сделает обезболивание. Затем место прокола фиксируется и прокалывается. В прокол вставляется специальная гантелька или колечко. Теперь Вы обладатель очень красивого украшения на своем теле! При соблюдении всех медицинских правил мастером, кровь практически не выступает. Правильный прокол не должен задевать артериальные и венозные сосуды, а также нервные окончания.</p><h3>Виды пирсинга</h3><p>Один и самых распространенных видов пирсинга – это <b>прокол ушей</b>. Сережки давно стали почти незаменимым атрибутом женской моды на все времена. В основном прокол мочек делают девочкам еще в раннем возрасте. Данный вид пирсинга считается безболезненным и не несет особых осложнений. Возможны также проколы хряща уха или ушной раковины. Ну, это, естественно, делают люди в более старшем возрасте! Полное заживление происходит от 3-х месяцев до полугода.</p><p><b>Пирсинг пупка.</b> Прокол пупка – истинно женский вид пирсинга. Как красиво, он смотрится на подтянутом животике! У многих мужчин данная деталька вызывает безумную бурю эмоций! Прокол делается в верхней части пупка. В прокол вставляется специальная серьга, называемая бананом. Заживает примерно от 1-го до 6-ти месяцев, в зависимости от обработки и качества украшения.</p><p>Если Вы переживаете за болезненные ощущения во время этой процедуры, то МирСоветов рекомендует попросить у мастера сделать вам укол анестезии.</p><p><b>Пирсинг языка</b>. Данный вид пирсинга отличается быстрой заживляемостью ранки – от недели до 2-х месяцев.&nbsp;</p><p>После прокола языка не следует в течение 4-х часов принимать какую-либо пищу, алкоголь, также следует воздержаться от курения. После придерживайтесь диеты: йогурт, каши, также можно употреблять детское питание. Промывают специальным антибактериальным раствором.&nbsp;</p><p><b>Интим-пирсинг</b>. Данный вид пирсинг делают особо экзотичные личности. В основном интим-пирсинг делают для остроты сексуальных ощущений. Но самое главное, что от секса придется воздержаться, пока ранка полностью не заживет, а по времени это занимает около месяца! Так что сначала подумайте, стоит ли жертвовать?</p><p>Кроме описанных видов пирсинга бывают и проколы<b> сосков, шеи, щек</b>. Также особым изыском в пирсинге считается установка так называемых «туннелей». Они представляют собой специальные трубки, которые вставляются в отверстие прокола. Постепенно трубки меняются на большие по диаметру – таким образом получается большая дыра. Устанавливают туннели в ухо, язык или нижнюю губу.</p><h3>Пирсы</h3><p>Серьги, вдеваемые в место любого прокола, называются пирсы. Не секрет, что вставить колечко для пирсинга можно практически в любую часть тела. Колечки для пирсинга различны по своему диаметру (от 6-10 мм до 18-22 мм) и толщине, поэтому задача мастера правильно подобрать пирс. диаметр окружности и толщину пирса. Для пирсинга брови, губы, пупка, крыльев и перегородок носа используют маленькие колечки, а для сосков, а также мужского генитального пирсинга большие по диаметру.</p><p>Кроме колечек еще одним видом пирсов являются штанги. В основном, их используют для начального пирсинга языка. Так же, как и кольца, штанги могут ставиться в сосок и в прокол при мужском интимном пирсинге.&nbsp;</p><p>Не секрет, что при проколе язык будет и опухать, и отекать. Поэтому при его увеличении, неправильно подобранная штанга может жать и мешать естественному заживлению, поэтому в прокол вставляют штангу более длинную. После восстановления прокола языка вам обязательно предложат меньший пирс.&nbsp;</p><p>Для пирсинга пупков используются так называемые «банане». Они имеют специальную физиологичную форму (изогнуты как банан, отсюда и название). В настоящее время разновидностей банане бесчисленной множество! Скромные и шикарные, подчеркивающие вашу неповторимую индивидуальность! Их можно менять их в зависимости от нарядов или настроения: использование различных драгоценных камней и металлов разных цветов в «банане» предоставляют многообразие в выборе подходящего именно вам.&nbsp;</p><p>Циркуляры и твистерсы – звучит не слишком безопасно! На самом деле циркуляры – это всего лишь разомкнутое колечко в форме подковы, с двумя закручивающимися шариками, а твистерс – это свернутый по спирали циркуляр! Они также могут быть выполнены из проволоки разной толщины, различаться диаметром и размером закручивающихся шариков.&nbsp;</p><p>Еще одни из разновидностей пирсов – это сережка «нострила» и гвоздик «Лабрета». Первое используют для пирсинга носа. Нострила вкручиваются во время процедуры пирсинга в носовое крыло. Но кончике может быть и шарик, и конус, и мушка... А вот гвоздик Лабрета вдевают в прокол верхней или нижней губы, щеки. По желанию наружный шарик можно также заменить на различные небольшие фигурки.&nbsp;</p><p>В основном для изготовления пирсов используется медицинский сплав. Украшение из него, скорее, всего вам и вставят в прокол. Пока ранка не заживет его лучше не менять. Впоследствии можно вставлять украшения из золота, серебра, циркония, титана, но ни в коем случае нельзя из окисляющихся материалов, например, никеля или меди.</p><h3>Советы по уходу</h3><p>В первые недели после прокола из ранки будет выделяться лимфа – это вещество немного похоже на гнойные выделения. Но это не должно вызывать у вас панику – это не признак занесенной инфекции! Тщательно обрабатывайте прокол от лимфы и ранка быстрее заживет. Промывайте ранку хлоргексидином или мирамистином. Также можно использовать перекись водорода или соляной раствор (2-3 чайные ложки соли нa стакан теплой воды).</p><p>Не забывайте обрабатывать и само ювелирное изделие. В первые недели во время дезинфекции украшение лучше не вынимать, а протирать, аккуратно поворачивая кольцо разными участками. И вообще, до того, как ранка полностью не заживет, ювелирное изделие снимать не рекомендуется.</p><p>В течение всего дня ранка должна быть открытой и сухой, естественно, за исключением тех моментов, когда она промывается. Ни в коем случае не закрывайте ранку пластырем – это мешает циркуляции воздуха, а, следовательно, заживлению.&nbsp;</p><p>Старайтесь не травмировать участки пирсинга активными движениями – иначе вы рискуете оставить на теле рубец. Купаться в естественных водоемах МирСоветов также не рекомендует, велик риск попадания инфекции. Также следует воздержаться от походов в сауну или баню.&nbsp;</p><p>Если вы сделали пирсинг на теле, старайтесь не носить облегающую одежду, которая будет давить на место прокола.&nbsp;</p><p>Если процедуре прокола была подвергнута полость рта или пероральная область, рекомендуем не курить и не употреблять алкоголь. После каждого приема пищи проводить дезинфекцию ротовой полости при помощи спецраствора.</p><h3>Прокол ушей пистолетом</h3><p>На поверхности мочки уха находится множество точек, связанных с зубами, внутренним ухом, глазами, языком, мышцами лица и другими органами. По этой причине прокол для сережек и собственно ношение сережек - дело не такое уж и простое.</p><h3>Как это происходит?</h3><p>На сегодняшний день практически везде прокалывают ушки специальным \"пистолетом\". Специалист - косметолог намечает нужное место на ухе и \"выстреливает\" в эту точку. В результате этого выбивается маленькая дырочка, и в ней сразу же оказывается сережка, которая и будет находиться в мочке в течение всего времени заживления. Все происходит в считанные секунды, вы услышите небольшой щелчок, но понять ничего не успеете! Такой способ считается самым безболезненным способом прокалывания ушей, человек почувствует лишь небольшое жжение, которое длится не более пяти минут.</p><p>Перед началом процедуры и после нее прокол обрабатывается антисептическими средствами в любом случае.</p><h3>Как ухаживать за проколами?</h3><p>Особенно в первое время относиться к уходу за ранками нужно очень внимательно. Обрабатывайте места прокола антисептическим раствором - 70%-ным спиртовым раствором, лучше всего настойкой календулы утром и вечером, а также каждый раз после купания. В первые пять дней уши желательно не мочить. Как правило, канал формируется через месяц, и тогда проколы заживают окончательно. В течение первого месяца серьги ни в коем случае нельзя снимать! После окончания периода заживления можно будет повесить и любые другие украшения.</p><p>В случае возникновения нагноения, то обратитесь за консультацией в тот салон, где делали проколы. И обязательно покажите малышку врачу!</p><h3>В какое время года лучше (благоприятно) прокалывать уши?</h3><p>Зима - самое удачное время для пирсинга, поскольку зимой риск возникновения инфекции минимален. И нет соблазна искупаться в речке или озере, где микробов огромное множество. Но нужно учитывать один минус и в проколах ушей морозной зимой. Это - ношение шапки, надевая и снимая которую, можно легко зацепить сережку. Нужно помнить об этом и быть аккуратны!</p><h3>Какие серьги выбрать?</h3><p>Лучший вариант для начала - серьги-иглы, которые вставляются вместе с проколом пистолета, &nbsp;они сделаны из специальной медицинской стали, легко приживаются, и их можно носить, не снимая. После заживления можно надевать любые серьги.Но во все времена лучшими материалами для сережек были, есть и, скорее всего, будут золото и серебро.</p><p>Стоит обратить внимание и на застежку - она должна быть удобной и плотной, чтобы не расстегнулась в самый неподходящий момент.</p><h3>Каково мнение врачей?</h3><p><ul><li><span style=\"line-height: 1.45em;\">Практически не бывает противопоказаний к проколам. Но пирсинг не рекомендуется тем, у кого наблюдаются отоларингические отклонения, связанные с болезнью ушей. Обязательно проконсультируйтесь с отоларингологом. Нельзя прокалывать уши, если у ребенка экзема или заболевания крови. Не стоит носить сережки и тем, у кого сильная аллергия, потому что практически все сплавы содержат аллергенные вещества.</span><br></li><li><span style=\"line-height: 1.45em;\">Пирсинг ушей - в любом случае хирургическая манипуляция, проводить ее детям до года не рекомендуется, хотя и считается, что в грудничковом возрасте детки меньше чувствуют боль.</span><br></li><li><span style=\"line-height: 1.45em;\">Если станете соблюдать все правила ухода за ушами, особенно в первое время, никаких сложностей возникать не должно.</span><br></li><li><span style=\"line-height: 1.45em;\">Колоть ушки лучше после трех лет, в этом возрасте сама девочка определит для себя, хочет ли она носить сережки и готова ли ради этого претерпеть некоторую боль и регулярно ухаживать за ушками.</span><br></li><li><span style=\"line-height: 1.45em;\">Категорически запрещено вести ребенка на эту процедуру насильно. Ни пользы, ни радости это никому не принесет.</span><br></li></ul></p><br></p>','<p>Желание человека быть отличным от других, выделиться, заявить о себе существует столь же давно, сколь и само человечество. И искусство пирсинга тут занимало и занимает далеко не последнее место. Правда, раньше проколы делали, как правило, со значением (например, в царской России матросу, пересекшему экватор, вдевали в ухо серьгу, что значительно повышало его статус на корабле).<br></p>',NULL,1,2,29,0),(51,5,'Био-тату','«Био-тату» или «временная татуировка» — набивной рисунок, который выполняется хной, держится на коже около трёх недель.','<p><p>Некоторые считают, что временная татуировка – достояние современности. На самом деле временная татуировка хной была известна еще в Древнем Египте, Индии и Средней Азии. Здесь сформировалось целая культура украшения тела, куда кроме временной татуировки входили приемы окрашивания волос и ногтей, причем сами рисунки временной татуировки хной были весьма совершенны – от сложнейших орнаментов до реалистичных изображений растений и животных. Интересно, что при этом секреты украшения кожи временной татуировкой хранились как величайшие секреты и передавались из поколения в поколение. Этим объясняется факт, что техника временной татуировки, широко распространенная во всей Африке и Азии от Марокко до Индонезии, оставаясь практически неизвестной в северных странах. Кстати, в древности временная татуировка имела не только декоративный и эротический, но и мистический смысл.</p><p>Сама же технология временной татуировки, по сравнению с современным искусством временной татуировки, была довольно несовершенной, и временная татуировка обычно наносилась лишь на руки и стопы; где кожа была тоньше и суше, поэтому хна держалась дольше всего. Между прочим, временная татуировка имела еще и медицинское предназначение. Хна – сильное дезинфицирующее средство, поэтому временная татуировка использовалась примерно так, как мы сегодня используем настойку йода. А Европе временная татуировка долгое время была практически неизвестна, и лишь благодаря спонтанно возникшей моде на био тату, мы впервые узнали об этом замечательном способе украсить тело женщины – о временной татуировке. Скорее всего, временная татуировка пришла к нам надолго. Ведь био тату не просто красива и эротична, но и совершенно безопасна, а главное – если временная татуировка разонравилась, ее в любой момент можно просто смыть.</p><p>Кстати, последнее обстоятельство для многих очень важно. Ведь временная татуировка – лучший способ убедиться, стоит ли вам делать постоянную наколку. Играет роль и то, что временная татуировка, цена которой примерно в 10 раз дешевле «настоящей», доступна практически каждой женщине. Однако дело все же не в цене временной татуировки. Большинство рассматривают временную татуировку как модный аксессуар и средство самовыражения. Особенно модно комбинировать био тату с бикини-дизайном. В этом случае, при наличии фантазии и мастерства, за счет усложненных рисунков временной татуировки, удается подчеркнуть прелесть интим-прически.</p><h3>Как делается временная татуировка</h3><p>Сначала выбирается трафарет, с помощью которого на тело наносится временная татуировка, которую сегодня выполняют не только хной, но и специальными совершенно безвредными красками. У временной татуировки цена зависит не толко от размера, но и от сложности, при этом самая дешевая временная татуировка обойдется в 600 рублей. Не следует верить рекламным обещаниям, предлагающим временную татуировку на год и больше. Временная татуировка на год - это миф, причем не совсем беспочвенный. Действительно, с помощью специальных разрушающихся красок можно сделать временную татуировку на год или два, которая затем исчезнет. Но исчезнет она не сразу, и вместо временной татуировки на год на коже еще пару лет будет красоваться некрасивое расплывчатое пятно. Поэтому если уж вам действительно так хочется иметь временную татуировку на год, можно воспользоваться процедурой корректировки обычного рисунка, который можно подновлять неограниченное число раз, имитируя тем самым постоянную татушку.</p><br></p>','<p>Некоторые считают, что временная татуировка – достояние современности. На самом деле временная татуировка хной была известна еще в Древнем Египте, Индии и Средней Азии.&nbsp;<br></p>',NULL,1,2,30,0),(52,5,'Маникюр и педикюр','Текстовое описание','<p>Текстовое описание<br></p>','<p>Текстовое описание<br></p>',NULL,1,2,31,0),(53,6,'Консультативный прием дерматолога','Текстовое описание','<p>Текстовое описание<br></p>','<p>Текстовое описание<br></p>',NULL,1,2,32,0),(54,6,'Лечение и профилактика угревой болезни','Текстовое описание','<p>Текстовое описание<br></p>','<p>Текстовое описание<br></p>',NULL,1,2,33,0),(55,6,'Лечение и профилактика демодекса','Текстовое описание','<p>Текстовое описание<br></p>','<p>Текстовое описание<br></p>',NULL,1,2,34,0),(56,6,'Лечение и профилактика перорального дерматита','Текстовое описание','<p>Текстовое описание<br></p>','<p>Текстовое описание<br></p>',NULL,1,2,35,0),(57,6,'Лечение розацеа','Текстовое описание','<p>Текстовое описание<br></p>','<p>Текстовое описание<br></p>',NULL,1,2,36,0),(58,6,'Коррекция и уход за проблемной кожей в любом возрасте','Текстовое описание','<p>Текстовое описание<br></p>','<p>Текстовое описание<br></p>',NULL,1,2,37,0),(59,7,'Антицеллюлитный массаж','Антицеллюлитный массаж - один из наиболее эффективных методов борьбы с целлюлитом и лишними жировыми отложениями.','<p></p><p>Легенды о том, что целлюлит победить сложно, не такие уж и легенды. Его действительно сложно превозмочь. По большому счету, если отбросить кровавые операционные методы, единственным эффективным средством остается <b>антицеллюлитный массаж</b>.&nbsp;</p><p>В настоящее время целлюлит рассматривается как эстетическая проблема. Для предупреждения развития целлюлита нужно знать, что он начинает образовываться в местах с нарушенным крово- и лимфообращением, а также отеком стенок мелких сосудов.&nbsp;</p><p>Методика общего антицеллюлитного массажа направлена на улучшение состояния стенок кровеносных сосудов, улучшение притока и оттока крови лимфы и межклеточной жидкости с помощью специальных массажных техник. Это приводит к положительному результату: устранение целлюлита, а также возвращение к прежнему весу.&nbsp;</p><p>Цель антицеллюлитного массажа - заставить Ваши клетки активно функционировать под воздействием электромагнитного поля, которое образуется от поглаживания массажистом кожи.&nbsp;</p><p>Для получения положительного результата от процедуры, на обрабатываемый участок кожи наносится специальный массажный гель, крем или эфирные масла. Повышение температуры внутренних слоев кожи приводит к усилению кровообращения, что в свою очередь ведет к расщеплению жиров и как визуальный эффект исчезновение «апельсиновой корки».&nbsp;</p><p>Антицеллюлитный массаж необходимо проводить и для профилактики. Он очень полезен для улучшения структуры кожи, ее внешнего вида. Антицелюлитный массаж содействует потере лишнего веса, укрепляет иммунную систему, улучшает обмен веществ.&nbsp;</p><p>Антицеллюлитный массаж обязательно должен быть регулярным, именно это обеспечивает его эффективность. Поначалу, пока отложения целлюлита ещё твёрдые и жёсткие, следует выполнять его ежедневно, со временем можно проводить массаж через день.</p><p>Сеанс антицеллюлитного массажа нежелательно сочетать с расслабляющим массажем, так как у них разные направленности.&nbsp;</p><p>Для массажа используют антицеллюлитные кремы и аромамасла, которые увеличивают эффективность массажа в два-три раза, обогащают и усиливают лечебные свойства массажа, действие масел продолжается и после окончания процедуры массажа.&nbsp;</p><p>Для антицеллюлитного массажа можно использовать мед, в который добавляют эфирные масла. Смесь наносят на проблемные места и выполняют массаж.</p><h3><br></h3><p><br></p><br><p></p>\r\n','<p>Главной целью, которую преследует антицеллюлитный массаж, является восстановление кровообращения, усиление микроциркуляции в зонах, пораженных целлюлитом.<br></p>',NULL,1,2,38,0),(60,7,'Лимфодренажный массаж','Лимфодренажный массаж — это воздействие на мягкие ткани лица и тела, с целью добиться оттока избыточной жидкости и продуктов обмена веществ по лимфатическим сосудам. Лимфодренажный массаж позволяет избавиться от застойных явлений в тканях, которые неизбежно возникают с возрастом, накоплением лишних килограммов и букета болезней.','<p></p><p>Любая антицеллюлитная программа начинается с лимфодренажа - основы для внутренних очистительных процедур и средства для максимально глубокого очищения тканей от продуктов жизнедеятельности клеток. При этом необходимо выпивать достаточное количество воды или несладких соков для максимального облегчения вывода накопившихся токсинов из организма. Одновременно лимфодренаж обеспечивает более равномерное распределение жидкости или частичное ее удаление из организма, преобразуя контуры тела, разгружая проблемные зоны.</p><p><b>Лимфодренаж проводится на трех уровнях.</b></p><ul><li>Поверхностный, когда активизируются лимфатические капилляры, расположенные в коже, а также активные нейрорецепторы, идущие от кожи к гладкомышечным структурам внутренних органов. Это происходит, например, при использовании микротоковой терапии или вакуумного массажа.</li><li>Глубокий, когда активизация лимфообращения происходит на уровне глубоко расположенных лимфатических капилляров и коллекторов, при активном сокращении мышц. Например, при ходьбе, плавании, езде на велосипеде, а также при миостимуляции, при наложении электродов в месте проекции крупных лимфатических сосудов или при воздействии на обрабатываемую зону отрицательным давлением воздуха (вакуумом).</li><li>Метод, связанный с проработкой области проекции основных лимфатических узлов, как правило, пахово-бедренных и подколенных. Например, при микротоковой терапии.</li></ul><h3>Вакуумный лимфодренаж</h3><p>Воздействие вакуума на ограниченном участке кожи существенно изменяет соотношение давления, создаваемого белками крови (онкотического) и давления жидкой составляющей (гидростатического) в подлежащих кровеносных и лимфатических сосудах. Это приводит к нарастанию обменного потока жидкости и двустороннего обмена веществ в зоне микроциркуляции, усиливаются процессы метаболизма.</p><p>При этом одновременно возрастает проницаемость поверхностного сосудистого сплетения дермы, вплоть до разрыва стенок капилляров. Этот фактор необходимо учитывать при подборе параметров процедуры: н противном случае пациентка после вакуумного массажа уйдет с обширными гематомами, которые придется залечивать в течение длительного времени.</p><p>За счет активизации локального крово- и лимфооттока происходит дренирование межклеточных пространств и уменьшение отека тканей. Снижается компрессия нервных проводников кожи. Восстанавливается болевая и тактильная чувствительность. Начинают работать артериовснозные анастомозы (\"сосудистые краны\"), способствуя существенному перераспределению количества циркулирующей крови между скелетными мышцами и кожей в области воздействия.</p><p>Использование перечисленных механизмов действия различных физических факторов с лимфодренажным эффектом актуально не только при лечении целлюлита, но и при проведении поддерживающих, профилактических, реабилитационных мероприятий в космстологии,эстетической медицине, пластической хирургии, физиотерапии.</p><ul><li>Лимфодренажный массаж освобождает клетки от продуктов обмена и распада, он улучшает и облегчает работу всех клеток организма, увеличивает обмен веществ, тем самым, ускоряя процесс снижения лишнего веса;</li><li>Лимфодренажный массаж ускоряет ток лимфы (в норме скорость лимфотока до 0,4 см/сек, массаж увеличивает лимфоток в 8 раз), вследствие чего органы и ткани быстрее избавляются от конечных продуктов распада, токсинов, и вследствие этого, наш организм, все органы и ткани быстрее и больше получают питательных веществ и кислорода.</li><li>Лифмодренажный массаж устраняет лишнюю межклеточную жидкость, как одну из причин возникновения и проявления целлюлита;</li><li>Под действием лимфодренажного массажа лучше омываются ткани, исчезают отеки и быстрее проходят воспалительные процессы, восстанавливается нормальная здоровая структура мышечной ткани, подкожной клетчатки и улучшается тургор кожи. Вы выглядите молодо и привлекательно.</li></ul><p>В ходе самой процедуры лимфодренажного массажа опытный специалист сначала снимает руками напряжения и спазмы — на поверхности, затем и в глубине тканей, тем самым уменьшает тревогу и последствия дневного стресса. И лишь потом осуществляется собственно прокачка лимфатической системы.</p><h3>Ручной лимфодренажный массаж</h3><p>Ручные массажные техники могут различаться по своему исполнению, но все они проводятся с учетом анатомии и физиологии не только лимфатической системы, но и всех систем организма человека, т. е. предполагается последовательное воздействие на различные ее звенья — от глубоких к более поверхностным. Вся процедура лимфодренажного массажа проводится с учетом скорости вашего индивидуального нормального лимфотока.</p><br><p></p>\r\n','<p>Суть этой массажной техники в воздействии на лимфатические узлы, которое заставляет лимфу двигаться быстрее, стимулируя работу лимфатической системы в целом.<br></p>',NULL,1,2,39,0),(61,8,'Остеопатия','Остеопатия — это современный хорошо зарекомендовавший себя метод лечения устраняющий патологии и восстановливающий правильное функционирование отдельных органов и систем, а также нормализующий их работу и взаимодействие между собой. На ранних стадиях остеопатия помогает предотвратить развитие болезни и часто используется в целях профилактики, а при хронических заболеваниях остеопатия воздействует на первопричину и корректирует уже возникшие нарушения.','<p><p>Комплексный, индивидуальный подход – неизменное кредо клиники эстетической медицины «Asia-Spa». В медицинском аспекте – это комплексный подход к красоте и здоровью, когда одна процедура дополняет и поддерживает другую.</p><p><b>Мы рады предложить Вам новый вид услуги – остеопатия.</b></p><p><b>Остеопатия</b> – это вид мануальной терапии, система диагностики и лечения руками врача с использованием специальных техник, направленная на устранение патологических блоков и фиксаций в организме, нарушений циркуляции жидкостных структур организма, устранение нарушений биомеханических связей органов, удаленных друг от друга.</p><p>Техники, применяемые в остеопатии, в отличие от других видов мануального лечения, выполняются только в физиологических границах тканей и носят мягкий, щадящий характер воздействия, руки специалиста подстраиваются под биоритм тканей пациента, мягкими движениями устраняя саму причину заболевания, а не ее симптом.</p><p>Одно из основополагающих положений остеопатии состоит в том, что применяемое лечение должно быть направлено на мобилизацию внутренних ресурсов организма к самоизлечению.</p><h3>Методики остеопатии</h3><p><ul><li><span style=\"line-height: 1.45em;\">краниальная – диагностика и лечение заболевания опосредованно через кости черепа, ткани и сосуды, оболочки мозга, циркуляцию и ритм пульсации церебро-спинальной жидкости;</span><br></li><li><span style=\"line-height: 1.45em;\">структуральная – воздействие на костно-суставную систему, мышцы, связки, в том числе методика фасциального расслабления, восстанавливается подвижность тканей, устраняются болевые ощущения;</span><br></li><li><span style=\"line-height: 1.45em;\">висцеральная – работает с заболеваниями внутренних органов, восстанавливая их подвижность и микроциркуляцию, нормализуя функцию органа.</span><br></li></ul></p><p>Кроме того, остеопатическая коррекция имеет косметический эффект.</p><p><b>Эстетическая остеопатия (косметологическая остеопатия)</b> – работа с костными структурами, восстановление мышечного каркаса лица и шеи.</p><p>Своим появлением эстетические проблемы лица и шеи обязаны основным факторам:</p><p><ul><li><span style=\"line-height: 1.45em;\">изменению &nbsp;позиции &nbsp;костей лицевого черепа;</span><br></li><li><span style=\"line-height: 1.45em;\">уменьшению подвижности костей черепа;</span><br></li><li><span style=\"line-height: 1.45em;\">нарушению миофасциального тонуса (как в сторону повышения, так и снижения);</span><br></li><li><span style=\"line-height: 1.45em;\">нарушению лимфооттока.</span><br></li></ul></p><p>Иными словами, когда мышцы шеи и лица патологически напряжены – развиваются морщины и второй подбородок, когда нарушается свободный лимфоотток – возникают одутловатости и отеки, когда ухудшается питание по артериям – изменяется цвет кожи, ее качество, появляются пятна. Устранив патологический микроспазм мимической мускулатуры, восстановив свободный отток по лимфатическим сосудам и адекватное кровоснабжение, вернув в нормальную позицию и подвижность костей лицевого черепа, мы способствуем восстановлению “ здоровья лица”.</p><p>К тому же, очевиден и тот факт, что, создав дополнительные возможности для “очищения кожи изнутри”, мы подготовим ее к действию любых наружных косметологических воздействий.</p><h3>Памятка пациентам после остепатической процедуры</h3><p><ul><li><span style=\"line-height: 1.45em;\">После остеопатической процедуры в течение хотя бы получаса не следует садиться за руль.</span><br></li><li><span style=\"line-height: 1.45em;\">В течение трех дней нужно категорически избегать физических и эмоциональных нагрузок.</span><br></li><li><span style=\"line-height: 1.45em;\">Не рекомендуется поднимать тяжести, ходить в сауну и турпоходы, употреблять спиртное, курить.</span><br></li><li><span style=\"line-height: 1.45em;\">После остеопатической процедуры идет перестройка организма, при которой могут возникнуть неприятные, болезненные ощущения. Их не нужно бояться – это функциональная боль.</span><br></li><li><span style=\"line-height: 1.45em;\">В случае, если дискомфорт будет слишком ощутимым, свяжитесь со своим лечащим врачом.</span><br></li><li><span style=\"line-height: 1.45em;\">Если до остеопатического лечения вы принимали какие-либо таблетки или иные медикаментозные препараты – не следует резко отказываться от них до достижения устойчивого результата.</span><br></li><li><span style=\"line-height: 1.45em;\">Будьте внимательны к своему телу.</span><br></li></ul></p><br></p>','<p>Комплексный, индивидуальный подход – неизменное кредо клиники эстетической медицины «Asia-Spa». В медицинском аспекте – это комплексный подход к красоте и здоровью, когда одна процедура дополняет и поддерживает другую.<br></p>',NULL,1,2,40,0),(63,8,'Лечебный массаж','Лечебный массаж — метод лечения, представляющий собой совокупность механического строго дозированного воздействия, производимого опытными руками массажиста или специальными аппаратами на кожу, мышцы, позвоночник, суставы. Чаще всего массаж используется при патологии опорно-двигательного аппарата и различных повреждениях - растяжениях, вывихах, а также массаж используется при радикулитах, ишиасе, мышечной атрофии, парезах, дистрофиях и многих других.','<p><h3>Общий массаж</h3><p>Наилучшим временем для общего массажа являются утренние часы после легкого завтрака. Массаж, проведенный после сытного обеда, плохо переносится, вызывая изжогу, отрыжку и общую вялость. Утренний массаж показан также при неврастении для поднятия бодрости, работоспособности и при расстройствах обмена, в частности при ожирении.</p><p>При проведении общего массажа, в зависимости от показаний, в одних случаях нужно обращать больше внимания на массаж живота (слабость брюшного пресса, наличие запоров), в других случаях - на массаж мышц туловища и конечностей (боли в мышцах спины, конечностей, в суставах и т. д.). У лиц пожилого возраста необходимо учитывать возможность наличия лимфососудистой недостаточности, начинающегося варикозного расширения вен нижних конечностей и в связи с этим проводить, как правило, отсасывающий массаж, избегая энергичных массивных движений.</p><p>В первые дни общего массажа массирующие движения не должны быть энергичными. С целью адаптации больного к массажу длительность массажа и интенсивность массажных движений должны нарастать постепенно.</p><p>Продолжительность первых процедур общего массажа должна быть не больше 15-20 мин, особенно это относится к людям с повышенной нервной возбудимостью. В зависимости от переносимости массажа длительность его может доводиться до 40-50 мин.</p><p>Общий массаж рекомендуется проводить не чаще 2 раз в неделю.</p><p>При появлении вялости, усталости после общего массажа, жалоб на бессонницу или других отрицательных явлений следует сократить продолжительность массажа или же на некоторое время его прекратить.</p><p>После общего массажа рекомендуется отдых в положении лежа в течение 15-30 мин в зависимости от самочувствия и общего состояния больного. У людей с явлениями сердечно-сосудистой недостаточности массажу должен предшествовать покой в течение 10-15 мин.</p><p>В настоящее время придерживаются следующей последовательности при массировании отдельных частей тела:</p><p><ul><li><span style=\"line-height: 1.45em;\">спина, включая надплечья и заднюю поверхность шеи;</span><br></li><li><span style=\"line-height: 1.45em;\">задняя поверхность нижних конечностей;</span><br></li><li><span style=\"line-height: 1.45em;\">передняя поверхность нижних конечностей;</span><br></li><li><span style=\"line-height: 1.45em;\">живот;</span><br></li><li><span style=\"line-height: 1.45em;\">грудь;</span><br></li><li><span style=\"line-height: 1.45em;\">передняя поверхность шеи;</span><br></li><li><span style=\"line-height: 1.45em;\">верхние конечности.</span><br></li></ul></p><p>Массаж головы не входит в общий массаж.</p><h3>Массаж спины</h3><p>Массаж спины, которым начинается общий массаж с целью облегчить работу сердца, заключается в плоскостном, поверхностном, глубоком, а затем в обхватывающем непрерывистом поглаживании, распространяющемся на область надплечий и заднюю поверхность шеи, где интенсивность массажных движений должна быть ослаблена. Массируют обеими руками, обхватывая ладонями правую и левую половину спины, начиная от крестца по направлению вверх. Вслед за поглаживанием переходят к гребнеобразному поглаживанию, которое также производится обеими руками попеременно с обхватывающим непрерывистым поглаживанием. При повышенной чувствительности длинных мышц спины гребнеобразный прием заменяется поглаживанием. Чтобы усилить капиллярную гиперемию, вводят полукружное и зигзагообразное растирание в восходящем и нисходящем направлениях. При массировании спинных мышц особенно тщательно обрабатывают область расположения поясничной фасции, охватывающей мышцы, располагающиеся на протяжении между XII ребрами и гребнем подвздошных костей, к которым она прикрепляется. Поперечное разминание производят на каждой стороне спины. Таким же образом выполняют прерывистую вибрацию в форме рубления и похлопывания в направлении снизу вверх и сверху вниз, при этом ослабляют массажные движения в межлопаточной области при наличии сердечно-сосудистых расстройств (заболевания коронарных сосудов, сердечно-сосудистая недостаточность).</p><p>При массировании задней поверхности шеи, где нередко наблюдается болезненность в области места прикрепления глубоких мышц шеи, применяется круговое растирание и поглаживание. Интенсивность массажных движений зависит от чувствительности массируемых тканей.</p><p>В заключение снова производится общее обхватывающее непрерывистое поглаживание спины, надплечий и задней поверхности шеи.</p><h3>Массах нижних конечностей</h3><p>При массировании задней поверхности нижних конечностей вначале применяют, начиная от пяточной области стопы вверх, обхватывающее непрерывистое, затем прерывистое поглаживание с захватом ягодиц, далее полукружное растирание попеременно с обхватывающим непрерывистым поглаживанием. После вступительного массажа переходят к раздельному массажу отдельных сегментов нижней конечности (ягодицы, бедро, голень, стопа), охватывая главным образом крупные мышцы. Из массажных приемов могут применяться все основные. Особое внимание должно быть обращено на места перехода отдельных мышц в сухожилия при прикреплении их к костям. Например, в области перехода большой ягодичной мышцы в сухожильное растяжение у гребня подвздошной кости и у крестца, перехода мускула, напрягающего фасцию бедра в утолщенную полосу широкой фасции бедра, трехглавой мышцы голени в ахиллово сухожилие. В этих местах, как показали исследования И. Я. Чураева (1937), сосредоточено много нервных чувствительных окончаний, которые первыми приходят в раздражение при передозировке. По данным научных исследований в этих местах наиболее часто встречаются патологические изменения при нарушениях обменных процессов и других заболеваниях.</p><p>Далее массируют переднюю поверхность нижних конечностей, где применяют те же массажные приемы, которые были указаны выше. При этом сначала производят вступительный массаж, а затем раздельный массаж по сегментам. При наличии показаний отдельно массируют суставы больших пальцев, которые весьма часто вовлекаются в процесс при подагре, а также при таком распространенном заболевании как поперечное плоскостопие.</p><p>В заключение для стимулирования трофических центров нижних конечностей рекомендуется применять непрерывистую ручную вибрацию в форме рубления или механическую вибрацию в области нижнегрудного и верхнепоясничного отделов позвоночника. Заканчивают массаж общим поглаживанием всей нижней конечности. По окончании массажа рекомендуется проделать активные движения (5-10) во всех суставах нижних конечностей.</p><h3>Массаж живота</h3><p>Массаж живота, которому предшествует возможно большее расслабление брюшных мышц, начинают с кругового плоскостного поверхностного поглаживания ладонной поверхностью 2-3 пальцев вокруг пупка и затем, все увеличивая радиус круговых поглаживаний, переходят к поглаживанию всей ладонью, постепенно охватывая всю поверхность живота по направлению часовой стрелки. При наличии расслабления брюшных мышц применяют глубокое непрерывистое поглаживание, стараясь осторожно проникнуть в глубь живота. Растирание выполняется в форме пере-секания. При слабости мышц брюшного пресса, наличии ожирения на каждой стороне живота производится, не вызывая болей, поперечное разминание брюшных мышц, прерывистое надавливание, перемежая его с раскачиванием живота в продольном и поперечном направлениях. В заключение снова применяют легкое круговое поглаживание живота.</p><h3>Массаж грудной клетки</h3><p>Массаж грудной клетки состоит из общего поглаживания, встряхивания и прерывистой вибрации в форме легкого похлопывания или рубления при отсутствии сердечно-сосудистых расстройств. Более детальный массаж производится при наличии специальных показаний.</p><h3>Массаж шеи</h3><p>Из массажных приемов применяют легкое поглаживание и растирание. Выполнение других приемов определяется специальными показаниями (см. главу Зарядка для полных).</p><h3>Массаж верхних конечностей</h3><p>Массаж верхних конечностей может включать все основные приемы и, в зависимости от показаний, те или другие вспомогательные приемы. При вступительном массаже применяют попеременно обхватывающее непрерывное поглаживание и полукружное растирание, начиная от концов пальцев и заканчивая массажные движения в области плече-лопаточного пояса. Вступительный массаж заканчивается встряхиванием (4-5 раз).</p><p>При раздельном массировании отдельных сегментов верхней конечности (надплечье, плечо, предплечье, кисть) основное внимание уделяется крупным мышцам, причем тщательной обработки требует ключичная часть трапециевидной мышцы, мышечные пучки большой грудной мышцы в месте прикрепления их к плечевой кости, поверхностные и глубокие сгибатели пальцев рук в месте их прикрепления к плечевой кости. Для стимуляции трофических центров верхней конечности производится непрерывистая вибрация.</p><p>В заключение снова производят общее поглаживание на протяжении всей верхней конечности и несколько раз встряхивают ее.</p><h3>Лечение остеохондроза</h3><p>Остеохондроз - наиболее тяжелая форма дегенеративного дистрофического поражения позвоночника, в основе которого лежит дегенерация диска с последующим вовлечением тел смежных позвонков, межпозвоночных суставов и связочного аппарата. В каждом отделе позвоночника остеохондроз имеет типичную локализацию и особенности.</p><p>Клинические проявления остеохондроза в зависимости от локализации сводятся к статическим, неврологическим, вегетативным и висцеральным расстройствам, которые чаще всего&nbsp;сочетаются с соответствующей рентгенологической картиной, хотя постоянного параллелизма между ними нет.</p><p>Известно, что после 30 лет каждый пятый человек в мире страдает дискогенным радикулитом, являющимся одним из синдромов остеохондроза. &nbsp;Среди причин временной нетрудоспособности это заболевание по-прежнему занимает одно из первых мест, и главное из них — это травматизм и перенапряжение опорно-двигательного аппарата. Чаще всего поражаются шейный и поясничный отделы позвоночника. В ряде случаев в патологический процесс&nbsp;вовлекается весь позвоночный столб — распространенный остеохондроз.</p><h3>Цель массажа:</h3><p><ul><li><span style=\"line-height: 1.45em;\">добиться обезболивающеговоздействия;</span><br></li><li><span style=\"line-height: 1.45em;\">устранить гипертонус мышц;</span><br></li><li><span style=\"line-height: 1.45em;\">улучшить функциональное состояние центральной нервной системы.</span><br></li></ul></p><h3>Лечебный массаж шеи</h3><p>Лечебный массаж шеи выполняют при заболеваниях сердечнососудистой системы, центральной и периферической нервной системы, органов дыхания, внутренних органов, при травмах и заболеваниях позвоночника, заболеваниях кожи и ее повреждении, после операции, а также в косметических или гигиенических целях.</p><p>Кожа шеи нежна и легко смещаема. В области затылка кожа более толстая и менее подвижная. При повороте головы легко определить грудинно-ключично-сосцевидную мышцу. Между этой мышцей и трахеей можно ощутить пульсацию общей сонной артерии, а в подключичной ямке — пульсацию подключичной артерии.</p><p>Массаж шеи проводят в течение 3—10 мин. При массаже больной не должен задерживать дыхание. Каждый прием массажа следует чередовать с поглаживанием. Особую осторожность следует соблюдать при массаже передней поверхности шеи, области сонных артерий.</p><h3>При лечебном массаже шеи производят:</h3><p>плоскостное, обхватывающее, гребнеобразное, щипцеобразное поглаживание (пациент сидит или лежит на животе, опираясь лбом на свои кисти). Направление всех движений — сверху вниз;</p><p><ul><li><span style=\"line-height: 1.45em;\">прямолинейное, круговое растирание, пиление, пересекание;</span><br></li><li><span style=\"line-height: 1.45em;\">поперечное, продольное, щипцеобразное разминание, надавливание, сдвигание, растяжение;</span><br></li><li><span style=\"line-height: 1.45em;\">вибрацию — поколачивание, похлопывание, сотрясение отдельными пальцами.</span><br></li></ul></p><h3>Лечебный массаж при переломах позвоночника</h3><p>Повреждения позвоночника относят к категории наиболее тяжелых, особенно если они сопровождаются травмами спинного мозга. При повреждении спинного мозга у больного отмечаются параличи, потеря чувствительности ниже области повреждения, могут нарушаться акты дефекации и мочеиспускания, очень быстро развиваются пролежни, которые в дальнейшем с трудом поддаются лечебному воздействию. У мужчин, как правило, развивается импотенция. При легких повреждениях спинного мозга (ушиб, небольшое давление) указанные явления быстро исчезают.</p><p>Лечебный массаж при переломах позвоночника начинают с массажа грудной клетки. Основные приемы — поглаживание, растирание, разминание больших грудных мышц; ударные приемы вибрации проводят не сильно. Далее переходят к массажу спины (поглаживание и растирание), производят массаж живота (все приемы) и заканчивают массаж на конечностях, используя различные приемы массажа.</p><p>Продолжительность процедуры составляет 10—20 мин. Курс лечения состоит из 10—12 процедур ежедневно или через день в течение острого периода.</p><h3>Лечебный массаж при заболеваниях верхних дыхательных путей</h3><p>При заболеваниях верхних дыхательных путей — остром рините, заболеваниях придаточных пазух носа, ангине — применяется, как правило, массаж лица. Заболевания верхних дыхательных путей могут стать пусковым механизмом обострения бронхиальной астмы или прямой причиной развития удушья. Поэтому важно овладеть приемами массажа лица и выполнять его и в период между приступами в целях профилактики обострения заболевания, и во время приступа, чтобы снять отек слизистой верхних дыхательных путей.</p><p>Профессиональные мастера нашего салона, любящие своё дело и своих пациентов, будут рады помочь Вам вновь обрести здоровье и красоту.</p><br></p>','<p>Лечебный массаж - это здоровая спина, а здоровая спина - это здоровая жизнь.<br></p>',NULL,1,2,41,0),(64,8,'Массаж по триггерным точкам','Текстовое описание','<p>Текстовое описание<br></p>','<p>Текстовое описание<br></p>',NULL,1,2,42,0),(65,8,'УВТ','Текстовое описание','<p>Текстовое описание<br></p>','<p>Текстовое описание<br></p>',NULL,1,2,43,0),(66,9,'Прием врача акушера-гинеколога','Эмансипация шагает по планете. Но она никоим образом не отразилась на здоровье женщины: политик, бизнес-леди или гувернантка – все мы остались существами нежными, требующими особой заботы о своём здоровье. Поэтому гинекология сегодня – одно из самых востребованных медицинских направлений.','<p>Эмансипация шагает по планете. Но она никоим образом не отразилась на здоровье женщины: политик, бизнес-леди или гувернантка – все мы остались существами нежными, требующими особой заботы о своём здоровье. Поэтому гинекология сегодня – одно из самых востребованных медицинских направлений.<br></p>','<p>Не забывайте записываться на прием к любому врачу своевременно! Не откладывайте ваш визит к врачу-гинекологу, помните, что это обязательное и регулярное мероприятие для всех женщин. Рекомендуемая частота записи на прием к гинекологу– один раз в год.<br></p>',NULL,1,10,44,0),(67,9,'Профилактический осмотр','Текстовое описание','<p>Текстовое описание<br></p>','<p>Текстовое описание<br></p>',66,2,3,44,1),(68,9,'Лечение ИППП','Текстовое описание','<p>Текстовое описание<br></p>','<p>Текстовое описание<br></p>',66,4,5,44,1),(69,9,'Лечение эрозии шейки матки','Текстовое описание','<p>Текстовое описание<br></p>','<p>Текстовое описание<br></p>',66,6,7,44,1),(70,9,'Прегравидарная подготовка','Текстовое описание','<p>Текстовое описание<br></p>','<p>Текстовое описание<br></p>',66,8,9,44,1),(71,9,'Прием гинеколога-эндокринолога','Текстовое описание','<p>Текстовое описание<br></p>','<p>Текстовое описание<br></p>',NULL,1,2,45,0),(72,9,'Консультативный прием','Текстовое описание','<p>Текстовое описание<br></p>','<p>Текстовое описание<br></p>',NULL,1,2,46,0),(73,9,' Диагностические манипуляции','Текстовое описание','<p>Текстовое описание<br></p>','<p>Текстовое описание<br></p>',NULL,1,2,47,0),(74,9,'Лечение','Лечение гинекологических заболеваний — сложный процесс, включающий три последовательных и тесно взаимосвязанных звена — вторичную профилактику (предупреждение рецидивов и прогрессирования заболевания), собственно терапию (устранение или ослабление патологического процесса) и медицинскую реабилитацию (полное восстановление всех функций организма, нарушенных вследствие болезни).','<p>Лечение гинекологических заболеваний — сложный процесс, включающий три последовательных и тесно взаимосвязанных звена — вторичную профилактику (предупреждение рецидивов и прогрессирования заболевания), собственно терапию (устранение или ослабление патологического процесса) и медицинскую реабилитацию (полное восстановление всех функций организма, нарушенных вследствие болезни).<br></p>','<p>Среди &nbsp; гинекологических &nbsp; заболеваний &nbsp; наиболее &nbsp; распространенной &nbsp; является &nbsp; &nbsp;группа &nbsp; заболеваний &nbsp; воспалительного &nbsp; характера. &nbsp; Из &nbsp; числа &nbsp; гинекологических &nbsp; больных, &nbsp; обращающихся &nbsp; в &nbsp; женские &nbsp; консультации &nbsp; и &nbsp; поликлиники, &nbsp; 60—65% &nbsp; &nbsp;страдают &nbsp; воспалительными &nbsp; заболеваниями &nbsp; &nbsp;половых &nbsp; органов.<br></p>',NULL,1,18,48,0),(75,9,'Радиоволновая коагуляция','Текстовое описание','<p>Текстовое описание<br></p>','<p>Текстовое описание<br></p>',74,2,3,48,1),(76,9,'Полипэктомия шейки матки','Текстовое описание','<p>Текстовое описание<br></p>','<p>Текстовое описание<br></p>',74,4,5,48,1),(77,9,'Радиоволновая конизация шейки матки','Текстовое описание','<p>Текстовое описание<br></p>','<p>Текстовое описание<br></p>',74,6,7,48,1),(78,9,'Удаление грануляций влагалища','Текстовое описание','<p>Текстовое описание<br></p>','<p>Текстовое описание<br></p>',74,8,9,48,1),(79,9,'Обработка шейки матки','Текстовое описание','<p>Текстовое описание<br></p>','<p>Текстовое описание<br></p>',74,10,11,48,1),(80,9,'Гинекологический массаж','Текстовое описание','<p>Текстовое описание<br></p>','<p>Текстовое описание<br></p>',74,12,13,48,1),(81,9,'Удаление кондилом медикаментозное','Текстовое описание','<p>Текстовое описание<br></p>','<p>Текстовое описание<br></p>',74,14,15,48,1),(82,9,'Введение и удаление ВМС','Текстовое описание','<p>Текстовое описание<br></p>','<p>Текстовое описание<br></p>',74,16,17,48,1),(83,15,'Антицеллюлитный массаж','Антицеллюлитный массаж один из наиболее эффективных методов борьбы с целлюлитом и лишними жировыми отложениями.','<p><h3>Антицеллюлитные массажи</h3><p></p><p>Легенды о том, что целлюлит победить сложно, не такие уж и легенды. Его действительно сложно превозмочь. По большому счету, если отбросить кровавые операционные методы, единственным эффективным средством остается антицеллюлитный массаж.&nbsp;</p><p>В настоящее время целлюлит рассматривается как эстетическая проблема. Для предупреждения развития целлюлита нужно знать, что он начинает образовываться в местах с нарушенным крово- и лимфообращением, а также отеком стенок мелких сосудов.&nbsp;</p><p>Методика общего антицеллюлитного массажа направлена на улучшение состояния стенок кровеносных сосудов, улучшение притока и оттока крови лимфы и межклеточной жидкости с помощью специальных массажных техник. Это приводит к положительному результату: устранение целлюлита, а также возвращение к прежнему весу.&nbsp;</p><p>Цель антицеллюлитного массажа - заставить Ваши клетки активно функционировать под воздействием электромагнитного поля, которое образуется от поглаживания массажистом кожи.&nbsp;</p><p>Для получения положительного результата от процедуры, на обрабатываемый участок кожи наносится специальный массажный гель, крем или эфирные масла. Повышение температуры внутренних слоев кожи приводит к усилению кровообращения, что в свою очередь ведет к расщеплению жиров и как визуальный эффект исчезновение «апельсиновой корки».&nbsp;</p><p>Антицеллюлитный массаж необходимо проводить и для профилактики. Он очень полезен для улучшения структуры кожи, ее внешнего вида. Антицелюлитный массаж содействует потере лишнего веса, укрепляет иммунную систему, улучшает обмен веществ.&nbsp;</p><p>Антицеллюлитный массаж обязательно должен быть регулярным, именно это обеспечивает его эффективность. Поначалу, пока отложения целлюлита ещё твёрдые и жёсткие, следует выполнять его ежедневно, со временем можно проводить массаж через день.</p><p>Сеанс антицеллюлитного массажа нежелательно сочетать с расслабляющим массажем, так как у них разные направленности.&nbsp;</p><p>Для массажа используют антицеллюлитные кремы и аромамасла, которые увеличивают эффективность массажа в два-три раза, обогащают и усиливают лечебные свойства массажа, действие масел продолжается и после окончания процедуры массажа.&nbsp;</p><p>Для антицеллюлитного массажа можно использовать мед, в который добавляют эфирные масла. Смесь наносят на проблемные места и выполняют массаж.</p><h3>Лимфодренажный массаж</h3><p>Любая антицеллюлитная программа начинается с лимфодренажа - основы для внутренних очистительных процедур и средства для максимально глубокого очищения тканей от продуктов жизнедеятельности клеток. При этом необходимо выпивать достаточное количество воды или несладких соков для максимального облегчения вывода накопившихся токсинов из организма. Одновременно лимфодренаж обеспечивает более равномерное распределение жидкости или частичное ее удаление из организма, преобразуя контуры тела, разгружая проблемные зоны.</p><p><b>Лимфодренаж проводится на трех уровнях.</b></p><p><ul><li><span style=\"line-height: 1.45em;\">Поверхностный, когда активизируются лимфатические капилляры, расположенные в коже, а также активные нейрорецепторы, идущие от кожи к гладкомышечным структурам внутренних органов. Это происходит, например, при использовании микротоковой терапии или вакуумного массажа.</span><br></li><li><span style=\"line-height: 1.45em;\">Глубокий, когда активизация лимфообращения происходит на уровне глубоко расположенных лимфатических капилляров и коллекторов, при активном сокращении мышц. Например, при ходьбе, плавании, езде на велосипеде, а также при миостимуляции, при наложении электродов в месте проекции крупных лимфатических сосудов или при воздействии на обрабатываемую зону отрицательным давлением воздуха (вакуумом).</span><br></li><li><span style=\"line-height: 1.45em;\">Метод, связанный с проработкой области проекции основных лимфатических узлов, как правило, пахово-бедренных и подколенных. Например, при микротоковой терапии.</span><br></li></ul></p><h3>Вакуумный лимфодренаж</h3><p>Воздействие вакуума на ограниченном участке кожи существенно изменяет соотношение давления, создаваемого белками крови (онкотического) и давления жидкой составляющей (гидростатического) в подлежащих кровеносных и лимфатических сосудах. Это приводит к нарастанию обменного потока жидкости и двустороннего обмена веществ в зоне микроциркуляции, усиливаются процессы метаболизма.</p><p>При этом одновременно возрастает проницаемость поверхностного сосудистого сплетения дермы, вплоть до разрыва стенок капилляров. Этот фактор необходимо учитывать при подборе параметров процедуры: н противном случае пациентка после вакуумного массажа уйдет с обширными гематомами, которые придется залечивать в течение длительного времени.</p><p>За счет активизации локального крово- и лимфооттока происходит дренирование межклеточных пространств и уменьшение отека тканей. Снижается компрессия нервных проводников кожи. Восстанавливается болевая и тактильная чувствительность. Начинают работать артериовснозные анастомозы (\"сосудистые краны\"), способствуя существенному перераспределению количества циркулирующей крови между скелетными мышцами и кожей в области воздействия.</p><p>Использование перечисленных механизмов действия различных физических факторов с лимфодренажным эффектом актуально не только при лечении целлюлита, но и при проведении поддерживающих, профилактических, реабилитационных мероприятий в космстологии,эстетической медицине, пластической хирургии, физиотерапии.</p><p>Лимфодренажный массаж освобождает клетки от продуктов обмена и распада, он улучшает и облегчает работу всех клеток организма, увеличивает обмен веществ, тем самым, ускоряя процесс снижения лишнего веса;</p><p>Лимфодренажный массаж ускоряет ток лимфы (в норме скорость лимфотока до 0,4 см/сек, массаж увеличивает лимфоток в 8 раз), вследствие чего органы и ткани быстрее избавляются от конечных продуктов распада, токсинов, и вследствие этого, наш организм, все органы и ткани быстрее и больше получают питательных веществ и кислорода.</p><p>Лифмодренажный массаж устраняет лишнюю межклеточную жидкость, как одну из причин возникновения и проявления целлюлита;</p><p>Под действием лимфодренажного массажа лучше омываются ткани, исчезают отеки и быстрее проходят воспалительные процессы, восстанавливается нормальная здоровая структура мышечной ткани, подкожной клетчатки и улучшается тургор кожи. Вы выглядите молодо и привлекательно.</p><p>В ходе самой процедуры лимфодренажного массажа опытный специалист сначала снимает руками напряжения и спазмы — на поверхности, затем и в глубине тканей, тем самым уменьшает тревогу и последствия дневного стресса. И лишь потом осуществляется собственно прокачка лимфатической системы.</p><h3>Ручные массажные техники</h3><p>Ручные массажные техники могут различаться по своему исполнению, но все они проводятся с учетом анатомии и физиологии не только лимфатической системы, но и всех систем организма человека, т. е. предполагается последовательное воздействие на различные ее звенья — от глубоких к более поверхностным. Вся процедура лимфодренажного массажа проводится с учетом скорости вашего индивидуального нормального лимфотока.</p><br></p>','<p>Антицеллюлитный массаж устраняет отек, улучшает кровообращение в местах уплотнения подкожной жировой клетчатки, способствует нормализации обменных процессов. Уже после 5-6 сеансов поверхность кожи заметно выравнивается и устраняется эффект «апельсиновой корки».<br></p>',NULL,1,2,49,0),(84,15,'Русский Spa–массаж','Это система массажа,  традиционно  применявшаяся российскими врачами, начиная с XIX века, более тщательно разработанная и изученная учеными в советское время. Русская школа вобрала в себя лучший опыт разных систем массажа. Одно из главных ее преимуществ в том, что внимание уделяется всем органам.','<p><p>Данный вид spa-массажа сочетает в себе русскую, восточную и некоторые европейские техники мануального воздействия на ткани.</p><p>Столь оригинальное сочетание на первый взгляд различных техник массажа приводит к максимальному расслаблению.</p><p>Но в то же время, данная техника способна стимулировать жизненные силы и внутреннюю энергию все зависит от пожелания клиента.</p><br></p>','<p>Использование русского классического массажа в антицеллюлитных программах, фитнес-тренировках, при лечении травм и заболеваний, позволяет добиться выраженного, и что самое главное – стабильного эффекта!<br></p>',NULL,1,2,50,0),(85,15,'Массаж стоп и кистей рук','Массаж ступней ног и кистей рук – это относительной простой и безопасный способ укрепить организм и психику, поддержать здоровье и хорошее настроение, уменьшить болевые ощущения, а также осуществить профилактику возможных заболеваний.\r\n','<p><p>Ежедневные проблемы, суета, стрессы на работе, улице, в семье делают наш организм менее защищенным. Данная программа позволяет снять нервное напряжение, устранить беспокойство и восстановить жизненные силы.</p><h3>В программу входит:</h3><p><ul><li><span style=\"line-height: 1.45em;\">Ванночка для стоп с молочком на основе кокоса, водорослей или минеральных солей на основе белой и зеленой глины с добавлением тимьяна, розмарина, иланг-иланга</span><br></li><li><span style=\"line-height: 1.45em;\">Минеральные или растительный пилинг стоп</span><br></li><li><span style=\"line-height: 1.45em;\">Массаж с применением эфирных масел лимона, корицы, лаванды, герани, базилика.</span><br></li><li><span style=\"line-height: 1.45em;\">Увлажнение питательным молочком или кремом</span><br></li></ul></p><p><b>Продолжительность процедуры: 30-45 минут</b></p><br></p>','<p>Задумайтесь: какую нагрузку приходиться выносить вашим рукам и ногам? Работа с бумагами, стирка, уборка, приготовление ужина... Многочасовое стояние или, наоборот, сидячая работа, тесная обувь, высокие каблуки и длительные пешие прогулки,... Наши руки и ноги - настоящие труженики, которые давно заслуживают расслабляющего массажа.<br></p>',NULL,1,2,51,0),(86,15,'Фитнес-массаж','Фитнес-массаж одна из самых эффективных и современных мануальных методик коррекции фигуры. Данная методика является симбиозом мануальных классических методик, лимфодренирующих техник, а также системного применения активных статических и динамических физических упражнений.','<p><p>Красивая, эффективная техника фитнес-массажа великолепно справляется со всем комплексом проблем коррекции фигуры: от целлюлита, локальных жировых отложений до вялого мышечного тонуса.</p><p>Сочетание мощного и глубокого (при этом безболезненного) мышечного массажа, ювелирного липолитического воздействия, ручного лимфодренажа плюс индивидуальный комплекс упражнений в течении 60-90 минут, не вставая с кушетки.</p><p><b>Продолжительность процедуры: &nbsp;1 час 30 минут</b></p><br></p>','<p>Уникальная техника фитнес-массажа позволяет одновременно выполнять, казалось бы, совершенно несовместимые вещи: непосредственно массаж и спортивные упражнения.<br></p>',NULL,1,2,52,0),(87,15,'Аюрведический массаж','Аюрведический массаж является великолепным средством поддержания отличной формы в условиях перегрузок и стрессов. Эти очищающие и насыщающие энергией процедуры омолаживают организм на клеточном уровне. ','<p><p>На санскрите \"аюр\" означает Жизнь, а \"веда\" означает Науку. Таким образом, Аюрведа буквально означает \"Науку о жизни\". Это индийская система естественного исцеления.</p><p>Этот уникальный вид массажа основан на глубокой работе с мягкими тканями (кожей, подкожной клетчаткой, мышцами и внутренними органами), при этом уходят напряжения в мышцах, происходит активная стимуляция крови и лимфы, таким образом, усиливается энергетический поток и тело начинает активно избавляться от токсинов. Аюрведический массаж делается с большим количеством масла (масло подбирается индивидуально. &nbsp;При помощи масла токсины, которые накопились в мышцах, высвобождаются и вымываются потоком крови. Весь организм перестраивается на восстановление и обновление жизненных сил. Аюрведический массаж устраняет энергетические блоки, помогает по-настоящему глубоко расслабиться. Несколько сеансов (от 2 до 5) дают стойкий и продолжительный эффект (минимум на 3-4 месяца, а иногда и на полгода).</p><h3>Что дает несколько сеансов аюрведического массажа:</h3><p><ul><li><span style=\"line-height: 1.45em;\">глубокую релаксацию</span><br></li><li><span style=\"line-height: 1.45em;\">детоксикацию организма (выводит шлаки)</span><br></li><li><span style=\"line-height: 1.45em;\">здоровые суставы&nbsp;</span><br></li><li><span style=\"line-height: 1.45em;\">активизацию кровообращения, нормализацию давления</span><br></li><li><span style=\"line-height: 1.45em;\">ровный сердечный ритм и дыхание</span><br></li><li><span style=\"line-height: 1.45em;\">избавление от стресса, напряжения&nbsp;</span><br></li><li><span style=\"line-height: 1.45em;\">укрепление иммунитета&nbsp;</span><br></li></ul></p><br></p>','<p>Результат – это повышение осознанности, которая управляет системой исцеления тела, обретение вдохновения и радости жизни! Древние говорили об этом лечении «Масла уносят страх и боль»<br></p>',NULL,1,2,53,0),(88,15,'Стоун-массаж','Стоун-терапия (стоун-массаж) таит в своей природе колоссальные возможности для восстановления и сохранения здоровья, снятия напряжения и стресса, а также продления молодости и красоты.','<p><p>Стоун-массаж – это воздействие разогретыми камнями на биологически активные точки и энергетические линии нашего тела. При этом особая энергия камней снимает избыточное напряжение, очищает, разблокирует застойные зоны, гармонизирует энергетические потоки – из зон, где этой энергии переизбыток, она переправляется в зоны, где ее недостаточно, а негативная энергия нейтрализуется вовсе. Глубокий релаксирующий эффект помогает преодолеть психические и физические перегрузки, состояние стресса, депрессию, хроническую усталость, способствует общему оздоровлению и повышению жизненного тонуса, снимает болевые ощущения и зажатость в мышцах.</p><p><b>Продолжительность процедуры: 1 час</b></p><br></p>','<p>Буквально после нескольких сеансов процедуры Вы почувствуете себя лучше и поправите свое здоровье.<br></p>',NULL,1,2,54,0),(89,15,'Реаформирующий массаж','Текстовое описание','<p>Текстовое описание<br></p>','<p>Текстовое описание<br></p>',NULL,1,2,55,0),(90,16,'«Цветочное блаженство»','Дарит незабываемые ощущения комфорта, придает коже мягкость и нормализует уровень РН. Способствует глубокому увлажнению кожи, стимулирует клеточное обновление, предотвращает преждевременное старение, насыщает витаминами и минералами. Выравнивает рельефы, способствует выведению токсинов, улучшает силуэт.','<p><p>Дарит незабываемые ощущения комфорта, придает коже мягкость и нормализует уровень РН. Способствует глубокому увлажнению кожи, стимулирует клеточное обновление, предотвращает преждевременное старение, насыщает витаминами и минералами. Выравнивает рельефы, способствует выведению токсинов, улучшает силуэт.</p><h3>В программу входит:</h3><p><ul><li><span style=\"line-height: 1.45em;\">Очищение кожи скрабом с лепестками роз, лаванды, розмарина, герани, шалфея, эфирными маслами эвкалипта, мяты, майорана</span><br></li><li><span style=\"line-height: 1.45em;\">Медовый массаж</span><br></li><li><span style=\"line-height: 1.45em;\">Цветочное обертывание</span><br></li><li><span style=\"line-height: 1.45em;\">Увлажнение питательным кремом</span><br></li></ul></p><br></p>','<p>Дарит незабываемые ощущения комфорта, придает коже мягкость и нормализует уровень РН. Способствует глубокому увлажнению кожи, стимулирует клеточное обновление, предотвращает преждевременное старение, насыщает витаминами и минералами. Выравнивает рельефы, способствует выведению токсинов, улучшает силуэт.<br></p>',NULL,1,2,56,0),(91,16,'«День невесты»','Для всех желающих побаловать себя. Обеспечивает омоложение, смягчение и питание кожи, выравнивает рельефы.','<p><p>Для всех желающих побаловать себя. Обеспечивает омоложение, смягчение и питание кожи, выравнивает рельефы.</p><h3>В программу входит:</h3><p><ul><li><span style=\"line-height: 1.45em;\">Аромо-пилинг с антистрессовыми расслабляющими аромо-маслами</span><br></li><li><span style=\"line-height: 1.45em;\">Маска с активными ингридентами</span><br></li><li><span style=\"line-height: 1.45em;\">Релаксирующий массаж с аромо-кремом или аромо-маслом</span><br></li><li><span style=\"line-height: 1.45em;\">Увлажнении кожи эмульсией с применением минерального или растительного крема</span><br></li></ul></p><p><b>Продолжительность процедуры: 1 – 1 час 30 мин</b></p><br></p>','<p>Для всех желающих побаловать себя. Обеспечивает омоложение, смягчение и питание кожи, выравнивает рельефы.<br></p>',NULL,1,2,57,0),(92,16,'«Мифология»','Мифология – линия для ухода за кожей тела. При создании препаратов линии использованы древние секреты ухода за телом в странах средиземноморского бассейна','<p><p>Сегодня иметь ухоженное тело так же престижно, как и лицо, а учитывая увлечение фитнесом и отдыхом на море, многие следят и за состоянием кожи спины и ног, которые в обычной жизни часто закрыты. Мифология – линия для ухода за кожей тела. При создании препаратов линии использованы древние секреты ухода за телом в странах средиземноморского бассейна. Активные составляющие получены из водорослей, трав, цветов и масел, которые в свое время использовали знатные представители древней Греции и Египта.</p><h3>В программу входит:</h3><p><ul><li><span style=\"line-height: 1.45em;\">Очищение кожи с помощью скраба</span><br></li><li><span style=\"line-height: 1.45em;\">Антицеллюлитный массаж</span><br></li><li><span style=\"line-height: 1.45em;\">Нанесение на проблемные зоны – бедра, ягодицы, живот – разогревающего лосьона и крема с экстрактами арники, кофеина, яблока, эфирными маслами.</span><br></li><li><span style=\"line-height: 1.45em;\">Смесь смывается через 3 часа в домашних условиях под душем.</span><br></li></ul></p><p><b>Продолжительность процедуры: &nbsp;60 минут</b></p><br></p>','<p>Сегодня иметь ухоженное тело так же престижно, как и лицо, а учитывая увлечение фитнесом и отдыхом на море, многие следят и за состоянием кожи спины и ног, которые в обычной жизни часто закрыты.<br></p>',NULL,1,2,58,0),(93,16,'«Шоколадное удовольствие»','Программа направлена на детоксикацию организма, коррекцию фигуры, устранение проявлений целлюлита, улучшение качества кожи. Запах шоколада поднимает настроение, создает положительные эмоции, снимает психоэмоциональное напряжение.','<p><p>Улучшает эмоциональное состояние, настроение, подтягивает кожу, активизирует синтез коллагена, питает, смягчает кожу, препятствует повторному накоплению жиров, способствует выведению жидкостей, токсинов их организма, выравнивает рельефы и улучшает силуэт.</p><h3>В программу входит:</h3><p><ul><li><span style=\"line-height: 1.45em;\">Очищение кожи пилингом с добавлением эфирного масла</span><br></li><li><span style=\"line-height: 1.45em;\">Шоколадное обертывание с экстрактом какао розовой глиной</span><br></li><li><span style=\"line-height: 1.45em;\">Лимфодренажный массаж</span><br></li><li><span style=\"line-height: 1.45em;\">Увлажнение питательными кремами</span><br></li></ul></p><p><b>Продолжительность процедуры: 1 час 30 минут</b></p><br></p>','<p>СПА-программа «Шоколадное удовольствие» - это сладкое приключение для всего тела, ведь шоколад – поистине волшебный продукт, дающий энергию и ощущение счастья. Пенящееся обертывание с шоколадом – это уникальный шанс подарить львиную дозу удовольствия собственной коже. Попробуйте, и она отзовется удивительной нежностью…<br></p>',NULL,1,2,59,0),(94,16,'«Бархатная кожа»','Процедура для тех, кто мечтает о божественной коже! Процедура позволяет минимизировать воздействие ультрафиолетовых лучей и агрессивных факторов окружающей среды, обеспечивая интенсивное увлажнение и защиту от фотостарения.','<p><p>Повышает упругость и эластичность кожи, уменьшение эффектов старения, избавление от «апельсиновой» корки, выравнивание рельефов. Рекомендуется проводить несколько процедур.</p><h3>В программу входит:</h3><p><ul><li><span style=\"line-height: 1.45em;\">Массаж с применением минеральных и растительных пилингов, обогащенных морскими водорослями, маслами жожоба, австралийского ореха, виноградной косточки в сочетании с морской солью- Водорослевое, грязевое обертывание с лавандой, розмарином</span><br></li><li><span style=\"line-height: 1.45em;\">Массаж с увлажняющими питательными кремами</span><br></li></ul></p><p><b>Продолжительность процедуры: 1 час 30 минут</b></p><br></p>','<p>Процедура для тех, кто мечтает о божественной коже! Процедура позволяет минимизировать воздействие ультрафиолетовых лучей и агрессивных факторов окружающей среды, обеспечивая интенсивное увлажнение и защиту от фотостарения.<br></p>',NULL,1,2,60,0);
/*!40000 ALTER TABLE `services_service` ENABLE KEYS */;
UNLOCK TABLES;

--
-- Table structure for table `services_servicesign`
--

DROP TABLE IF EXISTS `services_servicesign`;
/*!40101 SET @saved_cs_client     = @@character_set_client */;
/*!40101 SET character_set_client = utf8 */;
CREATE TABLE `services_servicesign` (
  `id` int(11) NOT NULL AUTO_INCREMENT,
  `service_id` int(11) NOT NULL,
  `initials` varchar(150) NOT NULL,
  `phone` varchar(150) NOT NULL,
  `desired_date` varchar(150) NOT NULL,
  `desired_time` varchar(150) NOT NULL,
  PRIMARY KEY (`id`),
  KEY `services_servicesign_6f1d73c2` (`service_id`)
) ENGINE=MyISAM DEFAULT CHARSET=utf8;
/*!40101 SET character_set_client = @saved_cs_client */;

--
-- Dumping data for table `services_servicesign`
--

LOCK TABLES `services_servicesign` WRITE;
/*!40000 ALTER TABLE `services_servicesign` DISABLE KEYS */;
/*!40000 ALTER TABLE `services_servicesign` ENABLE KEYS */;
UNLOCK TABLES;

--
-- Table structure for table `services_subcategory`
--

DROP TABLE IF EXISTS `services_subcategory`;
/*!40101 SET @saved_cs_client     = @@character_set_client */;
/*!40101 SET character_set_client = utf8 */;
CREATE TABLE `services_subcategory` (
  `id` int(11) NOT NULL AUTO_INCREMENT,
  `category_id` int(11) NOT NULL,
  `title` varchar(150) NOT NULL,
  `description` longtext NOT NULL,
  PRIMARY KEY (`id`),
  KEY `services_subcategory_42dc49bc` (`category_id`),
  CONSTRAINT `category_id_refs_id_e625ca552367b42` FOREIGN KEY (`category_id`) REFERENCES `services_category` (`id`)
) ENGINE=InnoDB AUTO_INCREMENT=17 DEFAULT CHARSET=utf8;
/*!40101 SET character_set_client = @saved_cs_client */;

--
-- Dumping data for table `services_subcategory`
--

LOCK TABLES `services_subcategory` WRITE;
/*!40000 ALTER TABLE `services_subcategory` DISABLE KEYS */;
INSERT INTO `services_subcategory` VALUES (2,1,'Терапевтическая косметология','<p>Это уход за кожей лица с помощью классических косметических средств и процедур без использования аппаратных методик. Разнообразие услуг по уходу за кожей в косметологических клиниках очень велико - это всевозможные пилинги, маски для лица, массаж, программы по уходу для разного возраста.</p><p>Врачи-косметологи клиники «Asia-Spa» индивидуально разрабатывают курс процедур с учетом всех пожеланий клиентов. Какая бы услуга по косметологии лица вам не понадобилась - регулярная ухаживающая маска, соответствующая вашему типу кожи, массаж или чистка лица – вы непременно останетесь довольны результатом.<br></p>\r\n'),(3,1,'Аппаратная косметология','<p>Планируя уход за своей внешностью, стоит обратить внимание на достижения аппаратной косметологии. Применение аппаратных методик - одно из наиболее перспективных направлений в косметологии. С помощью современных методик и современной аппаратуры стало возможным решение многих проблем эстетической косметологии при небольшой стоимости сеанса.<br></p>'),(4,1,'Уходовые процедуры',''),(5,1,'Декоративная косметология',''),(6,2,'Дерматология','<p>Кожа – это орган человеческого организма, который имеет самую большую площадь. Поверхность кожи ежедневно подвергается воздействию большого количества разнообразных неблагоприятных факторов. Не удивительно, что заболевания кожи, которыми занимается такое направление медицины, как дерматология, широко распространены.</p>\r\n'),(7,2,'Массаж','<p>Массаж — это совокупность приёмов воздействия на поверхность тела человека в виде поглаживания, растирания, разминания и вибрации. Массаж проводится с целью лечения и профилактики различных заболеваний, а также для повышения общего тонуса организма, укрепления иммунитета и улучшения эмоционального состояния. Массаж является неисчерпаемым источником здоровья и энергии. Велико влияние массажа на сердечнососудистую систему и кровообращение. Массаж стимулирует ток лимфы в лимфоузлы и тем самым укрепляет иммунную систему человека. Неоспоримо влияние массажа на опорно-двигательную систему (позвоночник, суставы, кости). Массаж можно по праву назвать «эликсиром молодости».</p>\r\n'),(8,2,'Мануальная терапия','<p>Мануальная терапия (лат. manus — кисть, греч. θεραπεία [therapeia] — лечение, оздоровление) — методы лечения и диагностики, представляющие собой воздействие рук терапевта на организм пациента. Методы направлены преимущественно на лечение заболеваний опорно-двигательной системы и внутренних органов.<br></p>\r\n'),(9,2,'Гинекология','<p><p>Гинекология — отрасль медицины, изучающая заболевания, характерные только для организма женщины, прежде всего — заболевания женской репродуктивной системы.&nbsp;</p><br></p>\r\n'),(10,3,'Anti-age гинекология','<p><p>«Возраст», «в возрасте» - почему-то эти слова обычно используют относительно тех, кому за 35 лет, как будто до этого момента возраста и не существует вовсе. И правда, человек, пока юн, не задумывается о своих годах и с лёгкостью смотрится в зеркало. Но после 35 лет в женском теле незаметно запускаются процессы, ведущие к тем самым «возрастным» изменениям, которые пытается сгладить каждая из нас, косметикой ли или омолаживающими процедурами.</p><p>Бег времени неумолим, и любое, даже самое прекрасное лицо на свете, начинает изменяться. Старение и предваряющие его изменения лица и тела после 40 лет не нравятся любой женщине, но эти возрастные процессы неизбежны, а рецепт вечной молодости ещё не изобретён человечеством.</p><p>Однако всегда есть возможность затянуть, отложить то время, когда старость уже наступает на пятки. «Как это возможно?» - удивитесь вы. Для этих целей было создано и активно расширяется в последние годы новое направление в гинекологии – антивозрастная гинекология. Почему именно гинекология, а не терапия, например? Гинекология потому, что возрастные изменения в женском организме «стартуют» с изменения уровня половых гормонов в постменопаузе и в периоде перед ней. Антивозрастная гинекология позволяет замедлить старение женской половой системы, от состояния которой во многом зависит наш внешний вид и жизненный тонус. Откладывая кардинальные возрастные изменения, мы можем повлиять и на продолжительность жизни, увеличивая её…</p><p>Для достижения выраженного лечебного эффекта при урогенитальных климактерических расстройствах врачи клиники используют сочетание пластических операций с процедурами омоложения слизистой влагалища и половых губ. С целью ревитализации репродуктивной системы, которая в себя включает восстановление функции эндокринных желез женской половой сферы, применяют органную терапию ведущих европейских фармакологических компаний.</p><p>Антивозрастная медицина – одно из наиболее современных клинических направлений, отражающее принципиально новый подход к здоровью человека. Основным принципом антивозрастной медицины является выявление предшествующих старению состояний и заболеваний, связанных с возрастом, до начала проявления или на ранних стадиях развития, их профилактика и комплексное лечение с целью замедления процессов старения всего организма.</p><p>Для каждого пациента разрабатывается индивидуальная программа. Процесс составления антивозрастной программы начинается с обследования и диагностики состояния организма.</p><h3>NEW! Программа Anti-age Гинекология (антивозрастная гинекология)&nbsp;</h3><p>Программа Anti-age Гинекология направлена на замедление старения женской половой сферы, омоложения и восстановление репродуктивной системы женщины, предотвращение увядания кожи, разрушения костной ткани, повреждения сосудов сердца и головного мозга (составляется индивидуально).</p><p>Ожидаемые эффекты</p><p><ul><li><span style=\"line-height: 1.45em;\">Улучшение самочувствия</span><br></li><li><span style=\"line-height: 1.45em;\">Улучшение качества жизни</span><br></li><li><span style=\"line-height: 1.45em;\">Нормализация сексуальной жизни</span><br></li><li><span style=\"line-height: 1.45em;\">Улучшение внешнего вида кожи</span><br></li><li><span style=\"line-height: 1.45em;\">Исчезновение приливов, сухости влагалища</span><br></li><li><span style=\"line-height: 1.45em;\">Продление женской молодости</span><br></li><li><span style=\"line-height: 1.45em;\">Повышение самооценки</span><br></li><li><span style=\"line-height: 1.45em;\">Нормализация памяти</span><br></li><li><span style=\"line-height: 1.45em;\">Нормализация АД</span><br></li><li><span style=\"line-height: 1.45em;\">Повышение тонуса организма</span><br></li></ul></p><p>Наполнение программы</p><p><ul><li><span style=\"line-height: 1.45em;\">Консультация гинеколога-эндокринолога</span><br></li><li><span style=\"line-height: 1.45em;\">Консультация косметолога</span><br></li><li><span style=\"line-height: 1.45em;\">Консультация пластического хирурга</span><br></li><li><span style=\"line-height: 1.45em;\">Консультация пластического хирурга-гинеколога</span><br></li><li><span style=\"line-height: 1.45em;\">Консультация маммолога</span><br></li><li><span style=\"line-height: 1.45em;\">Консультация психотерапевта, психолога по запросу.</span><br></li></ul></p><p>Обследование</p><p><ul><li><span style=\"line-height: 1.45em;\">УЗИ малого таза и молочных желез</span><br></li><li><span style=\"line-height: 1.45em;\">Мазки на флору и онкоцитологию</span><br></li><li><span style=\"line-height: 1.45em;\">Исследование гормонального профиля крови (ФСГ, ЛГ, эстрадиол, 17 ОН-прогестерон, пролактин, тестостерон, тестостерон св., ДГА-S, кортизол, ТТГ, Т3, АКТПО)</span><br></li><li><span style=\"line-height: 1.45em;\">Исследование минерального обмена костной ткани</span><br></li><li><span style=\"line-height: 1.45em;\">Исследование биохимического и липидного профиля крови(глюкоза, инсулин, триглецириды, ЛПВП, ЛПНП, ЛПОНП)</span><br></li><li><span style=\"line-height: 1.45em;\">Исследование биохимических маркеров старения женской половой системы</span><br></li><li><span style=\"line-height: 1.45em;\">Исследование иммунного статуса по показаниям</span><br></li></ul></p><p>Программа лечения</p><p><ul><li><span style=\"line-height: 1.45em;\">Освобождение организма от токсинов – детоксикация</span><br></li><li><span style=\"line-height: 1.45em;\">Профилактика и лечение остеопороза - восстановление костной ткани</span><br></li><li><span style=\"line-height: 1.45em;\">Восстановление гормонального уровня женских половых гормонов - ревитализация.</span><br></li><li><span style=\"line-height: 1.45em;\">Восстановление структуры влагалища, малых и больших половых губ, промежности.</span><br></li><li><span style=\"line-height: 1.45em;\">Оздоровление и омоложение кожи.</span><br></li><li><span style=\"line-height: 1.45em;\">Лечение волос – профилактика выпадения, лечение выпадения волос.</span><br></li><li><span style=\"line-height: 1.45em;\">Коррекция веса и фигуры.</span><br></li><li><span style=\"line-height: 1.45em;\">Нормализация обмена веществ, уровня холестерина.</span><br></li><li><span style=\"line-height: 1.45em;\">Восстановление женского здоровья</span><br></li><li><span style=\"line-height: 1.45em;\">Восстановление иммунного статуса</span><br></li><li><span style=\"line-height: 1.45em;\">Восстановление работы головного мозга, сердечнососудистой системы.</span><br></li><li><span style=\"line-height: 1.45em;\">Помощь в достижении психоэмоционального состояния.</span><br></li><li><span style=\"line-height: 1.45em;\">Профилактика старения и онкологических заболеваний женской половой системы.</span><br></li></ul></p><br></p>\r\n'),(11,3,'Интимная контурная пластика','<p>Текстовое описание<br></p>'),(12,3,'Хирургическая коррекция малых половых губ','<p><p>Человеческий организм уникален и неповторим. Это касается и строения женских половых органов. Не существует никаких стандартных размеров и форм строения малых половых губ, несоответствие которым ставило бы вопрос о необходимости лабиопластики. Показанием к лабиопластике является только желание самой женщины покончить с психологическим или физическим дискомфортом, вызванным размерами малых половых губ. Причем мотивация обращения к хирургу должна исходить только от нее, а не инициирована кем либо (бывает партнером и даже гинекологом).</p><p>Однако есть ряд наиболее частых причин, по которым женщины все же обращаются к услугам специалиста по интимной женской хирургии.</p><h3>Показания для проведения пластики малых половых губ</h3><p><ul><li><span style=\"line-height: 1.45em;\">чрезмерная величина малых половых губ, когда они сильно выступают за края больших половых губ</span><br></li><li><span style=\"line-height: 1.45em;\">дряблость, обвисание кожи, элонгация (удлинение) малых половых губ</span><br></li><li><span style=\"line-height: 1.45em;\">асимметрия малых половых губ</span><br></li></ul></p><p>Чаще всего поводом для проведения лабиопластики становится чувство эстетической неудовлетворенности или ощущение физического дискомфорта. Некоторые пациентки жалуются на неудобство при занятиях спортом, езде на велосипеде, на неуверенность при ношении открытой и облегающей тело одежды, ощущение дискомфорта при интимной близости, особенно при смене партнера или в ситуациях когда демонстрация неизбежна (сауна, бани, парные, душ фитнес-центра).</p><p>Изменение размера и формы малых половых губ может быть следствием разных процессов в организме женщины. Иногда слегка увеличенный размер малых половых губ или их ассиметричность бывают врожденными.</p><h3>Факторы, влияющие на изменение размера, формы и пигментации малых половых губ</h3><p><ul><li><span style=\"line-height: 1.45em;\">повышенный уровень мужского полового гормона (тестостерона) в период полового созревания или беременности</span><br></li><li><span style=\"line-height: 1.45em;\">возрастные изменения</span><br></li><li><span style=\"line-height: 1.45em;\">родовые или другие виды травм</span><br></li><li><span style=\"line-height: 1.45em;\">резкая потеря веса и, как следствие, потеря упругости кожи</span><br></li><li><span style=\"line-height: 1.45em;\">хронические воспаления, раздражения кожи</span><br></li></ul></p><p>Надо отметить, что мпг являются гормонзависимой зоной. Тестостерон в организме формирующейся девочки отвечает за ряд важных репродуктивных функций, в том числе за формирование наружных половых органов, оволосение и сексуальный темперамент. Этот факт доказывает, что обладательницы значительно развитых малых половых губ являются от природы темпераментными, сексуально активными, «знойными» женщинами. Но если от прочих не эстетичных проделок тестостерона женщины научились избавляться самостоятельно (эпиляция), то с половыми губами может помочь только специализированный хирург.</p><p>Главное помните, что после лабиопластики темперамент останется прежним.</p><p>Принимая решение о проведении лабиопластики, стоит руководствоваться только своими желаниями и ощущениями. Никто кроме Вас не сможет лучше определить потребности Вашего тела. Если Вы действительно столкнулись с проблемой физического дискомфорта, снижением качества или некоего ограничения половой жизни, тогда действительно стоит задуматься о проведении лабиопластики.</p><p><b>Пластика малых половых губ</b> – это операция, которая завоевывает популярностью у все большего количества женщин. Операция достаточно проста и относительна доступна. Переносится хорошо, надо только следовать рекомендациям врача. Для многих женщин она действительно стала решением серьезных психологических проблем, избавлением от физиологического дискомфорта и средством повышения качества сексуальной жизни.</p><br></p>\r\n'),(13,3,'Диагностика и лечение недержания мочи','<p>Текстовое описание<br></p>'),(14,4,'Обертывание','<p><p>В силу физиологических особенностей большинство женщин сталкивается с такими проблеми, как, гиподинамия, нерациональное питание, малоподвижный образ жизни, курение, нарушение микроциркуляции и возникновения фиброзно-дистрофических изменений в различных слоях кожи, которые и формируют эффект «апельсиновой корки». Целлюлит в большинстве случаев начинается с поврежденных капилляров и ухудшения микроцеркуляции. Развивается отек, сдавливается в первую очередь лимфатические сосуды. Что приводит к еще большему увеличению отека, наполняются в тканях продукты метаболизма, развитие мелкой гипоксии и дистрофических изменений.</p><p>Поэтому для достижения положительного результата нужно делать обертывания и сочетать с другими антицеллюлитными процедурами – миостимуляцией, массажем, физическими нагрузками и правильным питанием.</p><p>В салоне эстетической медицины «Asis-Spa» широкий выбор различных процедур, где специалист работает на уровне эпидермиса Это – различные пилинги, как поверхностные, так и более глубокие, обёртывания.</p><p>Обертывания делятся на <b>холодные и горячие.</b></p><p>При<b> холодных</b> обертываниях капилляры и сосуды сужаются, а кровь и лимфа несут токсины и шлаки во внутренние очистительные органы. Рекомендуется при отеках, усталости, тяжести в ногах, а так же в качестве реабилитации после склерозирования вен. Повышают тонус кожи и укрепление тканей.</p><p><b>Горячие обертывания </b>расширяют сосуды и активируют кровообращение, идет улучшение микроциркуляции и лимфотока, уменьшается эффект «апельсиновой корки». Повышается эластичность и укрепление кожи, уменьшение объемов.</p><p>Составы, которые применяют для процедуры обертывания, как правило, приготовлены на основе трав и морепродуктов. Чаще всего это морские <b>водоросли и грязи</b>. Обертывания с микронизированными водорослями (талассотерапия) значительно уменьшают целлюлитные бугорки, делают кожу упругой и эластичной, насыщают организм всевозможными витаминами и минеральными веществами. Морепродукты в целом оказывают на организм общеукрепляющее, повышающее иммунитет действие, дарят прилив сил и улучшение настроения. Морские водоросли сочетают с растительными экстрактами, из которых наиболее известны плющ, кофеин, мускус, гурана и кремний. Поэтому водорослевые обертывания являются одними из лучших.</p><p><b>Шоколадное обертывание</b> – процедура для коррекции объемов, терапия целлюлита, релаксации и улучшения общего самочувствия.</p><p><b>Маска-скраб с сахарной папайей</b>. Весной и осенью,рекомендуется для очищения восстановления естественной защитной и гидралипидного слоя, обновления пимания кожи.</p><p><b>Глубокие уходовые стимулирующие процедуры</b> – это глубокое очищение кожи. В состав входят мультифруктовые компоненты натурального происхождения, содержащие 5 фруктовых кислот (гликолевую, молочную, мочковую, тартановую, лимонную).</p><p>Идет выравнивание текстуры и цвета кожи, коррекция рубцов, уменьшение пигментации и уменьшение микроскопических морщин. Устранение видимых признаков старения, как обвисающая кожа. Идет естественных процесс восстановления кожи, в результате чего она имеет более свежий вид. Кожа на ощупь становится более упругой и выглядит подтянутой.</p><br></p>\r\n'),(15,4,'Массажи','<p>Массаж (от фр. masser — растирать) — совокупность приёмов механического и рефлекторного воздействия на ткани и органы в виде растирания, давления, вибрации, проводимых непосредственно на поверхности тела человека как руками, так и специальными аппаратами через воздушную, водную или иную среду с целью достижения лечебного или иного эффекта.<br></p>\r\n'),(16,4,'SPA-программы','<p>Прекрасные комплексы спа-процедур помогут Вашему организму восстановиться после сильных потрясений и долгого стресса, обрести жизненные силы и укрепить ослабленное здоровье.<br></p>\r\n');
/*!40000 ALTER TABLE `services_subcategory` ENABLE KEYS */;
UNLOCK TABLES;

--
-- Table structure for table `siteblocks_clinicmenu`
--

DROP TABLE IF EXISTS `siteblocks_clinicmenu`;
/*!40101 SET @saved_cs_client     = @@character_set_client */;
/*!40101 SET character_set_client = utf8 */;
CREATE TABLE `siteblocks_clinicmenu` (
  `id` int(11) NOT NULL AUTO_INCREMENT,
  `title` varchar(150) NOT NULL,
  `url` varchar(150) NOT NULL,
  `order` int(11) NOT NULL,
  `is_published` tinyint(1) NOT NULL,
  PRIMARY KEY (`id`)
) ENGINE=MyISAM AUTO_INCREMENT=6 DEFAULT CHARSET=utf8;
/*!40101 SET character_set_client = @saved_cs_client */;

--
-- Dumping data for table `siteblocks_clinicmenu`
--

LOCK TABLES `siteblocks_clinicmenu` WRITE;
/*!40000 ALTER TABLE `siteblocks_clinicmenu` DISABLE KEYS */;
INSERT INTO `siteblocks_clinicmenu` VALUES (1,'Миссия и Политика','/clinic/about/',10,1),(2,'Общественная жизнь','/clinic/social/',10,1),(3,'Новости','/clinic/news/',10,1),(4,'Вакансии','/clinic/jobs/',10,1),(5,'Лицензии и сертификаты','/clinic/licence/',10,1);
/*!40000 ALTER TABLE `siteblocks_clinicmenu` ENABLE KEYS */;
UNLOCK TABLES;

--
-- Table structure for table `siteblocks_gallery`
--

DROP TABLE IF EXISTS `siteblocks_gallery`;
/*!40101 SET @saved_cs_client     = @@character_set_client */;
/*!40101 SET character_set_client = utf8 */;
CREATE TABLE `siteblocks_gallery` (
  `id` int(11) NOT NULL AUTO_INCREMENT,
  `title` varchar(150) NOT NULL,
  `is_published` tinyint(1) NOT NULL,
  `gallery_type` varchar(150) NOT NULL,
  PRIMARY KEY (`id`)
) ENGINE=MyISAM AUTO_INCREMENT=2 DEFAULT CHARSET=utf8;
/*!40101 SET character_set_client = @saved_cs_client */;

--
-- Dumping data for table `siteblocks_gallery`
--

LOCK TABLES `siteblocks_gallery` WRITE;
/*!40000 ALTER TABLE `siteblocks_gallery` DISABLE KEYS */;
INSERT INTO `siteblocks_gallery` VALUES (1,'Галлерея страницы \"О клинике\"',1,'about');
/*!40000 ALTER TABLE `siteblocks_gallery` ENABLE KEYS */;
UNLOCK TABLES;

--
-- Table structure for table `siteblocks_galleryimage`
--

DROP TABLE IF EXISTS `siteblocks_galleryimage`;
/*!40101 SET @saved_cs_client     = @@character_set_client */;
/*!40101 SET character_set_client = utf8 */;
CREATE TABLE `siteblocks_galleryimage` (
  `id` int(11) NOT NULL AUTO_INCREMENT,
  `gallery_id` int(11) NOT NULL,
  `image` varchar(100) NOT NULL,
  `show_on_index` tinyint(1) NOT NULL,
  PRIMARY KEY (`id`),
  KEY `siteblocks_galleryimage_34838cc3` (`gallery_id`)
) ENGINE=MyISAM AUTO_INCREMENT=21 DEFAULT CHARSET=utf8;
/*!40101 SET character_set_client = @saved_cs_client */;

--
-- Dumping data for table `siteblocks_galleryimage`
--

LOCK TABLES `siteblocks_galleryimage` WRITE;
/*!40000 ALTER TABLE `siteblocks_galleryimage` DISABLE KEYS */;
INSERT INTO `siteblocks_galleryimage` VALUES (14,1,'uploads/images/galleries/Gallereya_stranitsyi_\"O_klinike\"/DSC_6759.jpg',1),(13,1,'uploads/images/galleries/Gallereya_stranitsyi_\"O_klinike\"/DSC_6750.jpg',0),(10,1,'uploads/images/galleries/Gallereya_stranitsyi_\"O_klinike\"/DSC_6709.jpg',0),(11,1,'uploads/images/galleries/Gallereya_stranitsyi_\"O_klinike\"/DSC_6695_1.jpg',1),(12,1,'uploads/images/galleries/Gallereya_stranitsyi_\"O_klinike\"/DSC_6712.jpg',1),(7,1,'uploads/images/galleries/Gallereya_stranitsyi_\"O_klinike\"/DSC_6691.jpg',1),(15,1,'uploads/images/galleries/Gallereya_stranitsyi_\"O_klinike\"/DSC_6768.jpg',0),(16,1,'uploads/images/galleries/Gallereya_stranitsyi_\"O_klinike\"/DSC_6780-1.jpg',0),(17,1,'uploads/images/galleries/Gallereya_stranitsyi_\"O_klinike\"/DSC_6826.jpg',1),(18,1,'uploads/images/galleries/Gallereya_stranitsyi_\"O_klinike\"/DSC_6845.jpg',0),(19,1,'uploads/images/galleries/Gallereya_stranitsyi_\"O_klinike\"/DSC_6871.jpg',0),(20,1,'uploads/images/galleries/Gallereya_stranitsyi_\"O_klinike\"/DSC_6882.jpg',1);
/*!40000 ALTER TABLE `siteblocks_galleryimage` ENABLE KEYS */;
UNLOCK TABLES;

--
-- Table structure for table `siteblocks_settings`
--

DROP TABLE IF EXISTS `siteblocks_settings`;
/*!40101 SET @saved_cs_client     = @@character_set_client */;
/*!40101 SET character_set_client = utf8 */;
CREATE TABLE `siteblocks_settings` (
  `id` int(11) NOT NULL AUTO_INCREMENT,
  `title` varchar(150) NOT NULL,
  `name` varchar(250) NOT NULL,
  `value` longtext NOT NULL,
  `type` varchar(20) NOT NULL,
  PRIMARY KEY (`id`)
) ENGINE=InnoDB AUTO_INCREMENT=4 DEFAULT CHARSET=utf8;
/*!40101 SET character_set_client = @saved_cs_client */;

--
-- Dumping data for table `siteblocks_settings`
--

LOCK TABLES `siteblocks_settings` WRITE;
/*!40000 ALTER TABLE `siteblocks_settings` DISABLE KEYS */;
INSERT INTO `siteblocks_settings` VALUES (1,'Текст страницы \"О клинике\"','about_text','<p>Asia Spa - это оазис красоты и здоровья, в который можно войти, захлопнуть за собой дверь, оставив снаружи все свои проблемы. Cледуя философским традициям Востока и современности Запада, в самом центре Читы 20 декабря 2006 года открылся салон Asia Spa. Эксклюзивность салона в новизне и качестве услуг. Современный интерьер дополняется целостной концепцией терапии по уходу за лицом и телом.</p>\r\n\r\n<p>Своим клиентам Asia Spa предлагает широчайший ассортимент косметологического оборудования, который позволяет разрабатывать индивидуальные программы для каждого клиента. Это могут быть как отдельные курсы процедур, так и комплексные эстетические программы для лица и тела, решающие проблемы, возникающие в любом возрасте.</p>\r\n<br>','redactor'),(2,'Код карты','map','<script type=\"text/javascript\" charset=\"utf-8\" src=\"//api-maps.yandex.ru/services/constructor/1.0/js/?sid=MpnWs0Sqsp7DAqy7ZZzEg8PE07TqcFxI&width=560&height=394\"></script>','textarea'),(3,'Основной почтовый ящик','main_email','griglmail@gmail.com','input');
/*!40000 ALTER TABLE `siteblocks_settings` ENABLE KEYS */;
UNLOCK TABLES;

--
-- Table structure for table `siteblocks_sitemenu`
--

DROP TABLE IF EXISTS `siteblocks_sitemenu`;
/*!40101 SET @saved_cs_client     = @@character_set_client */;
/*!40101 SET character_set_client = utf8 */;
CREATE TABLE `siteblocks_sitemenu` (
  `id` int(11) NOT NULL AUTO_INCREMENT,
  `title` varchar(150) NOT NULL,
  `image` varchar(100) DEFAULT NULL,
  `parent_id` int(11) DEFAULT NULL,
  `url` varchar(150) NOT NULL,
  `order` int(11) NOT NULL,
  `is_published` tinyint(1) NOT NULL,
  `lft` int(10) unsigned NOT NULL,
  `rght` int(10) unsigned NOT NULL,
  `tree_id` int(10) unsigned NOT NULL,
  `level` int(10) unsigned NOT NULL,
  PRIMARY KEY (`id`),
  KEY `siteblocks_sitemenu_63f17a16` (`parent_id`),
  KEY `siteblocks_sitemenu_42b06ff6` (`lft`),
  KEY `siteblocks_sitemenu_91543e5a` (`rght`),
  KEY `siteblocks_sitemenu_efd07f28` (`tree_id`),
  KEY `siteblocks_sitemenu_2a8f42e8` (`level`),
  CONSTRAINT `parent_id_refs_id_195cda43247648db` FOREIGN KEY (`parent_id`) REFERENCES `siteblocks_sitemenu` (`id`)
) ENGINE=InnoDB DEFAULT CHARSET=utf8;
/*!40101 SET character_set_client = @saved_cs_client */;

--
-- Dumping data for table `siteblocks_sitemenu`
--

LOCK TABLES `siteblocks_sitemenu` WRITE;
/*!40000 ALTER TABLE `siteblocks_sitemenu` DISABLE KEYS */;
/*!40000 ALTER TABLE `siteblocks_sitemenu` ENABLE KEYS */;
UNLOCK TABLES;

--
-- Table structure for table `siteblocks_slideritem`
--

DROP TABLE IF EXISTS `siteblocks_slideritem`;
/*!40101 SET @saved_cs_client     = @@character_set_client */;
/*!40101 SET character_set_client = utf8 */;
CREATE TABLE `siteblocks_slideritem` (
  `id` int(11) NOT NULL AUTO_INCREMENT,
  `image` varchar(100) NOT NULL,
  `slot` varchar(150) NOT NULL,
  `is_published` tinyint(1) NOT NULL,
  `title` varchar(150) NOT NULL,
  `link` varchar(200) NOT NULL,
  PRIMARY KEY (`id`)
) ENGINE=MyISAM AUTO_INCREMENT=9 DEFAULT CHARSET=utf8;
/*!40101 SET character_set_client = @saved_cs_client */;

--
-- Dumping data for table `siteblocks_slideritem`
--

LOCK TABLES `siteblocks_slideritem` WRITE;
/*!40000 ALTER TABLE `siteblocks_slideritem` DISABLE KEYS */;
INSERT INTO `siteblocks_slideritem` VALUES (1,'uploads/images/slider/6.jpg','big',1,'',''),(2,'uploads/images/slider/7.jpg','small_top',1,'',''),(3,'uploads/images/slider/8.jpg','small_bottom',1,'',''),(4,'uploads/images/slider/1.jpg','medium_top',1,'',''),(5,'uploads/images/slider/3.jpg','medium_bottom',1,'',''),(6,'uploads/images/slider/DSC_6691.jpg','big',1,'',''),(7,'uploads/images/slider/5.jpg','medium_top',1,'',''),(8,'uploads/images/slider/4.jpg','medium_bottom',1,'','');
/*!40000 ALTER TABLE `siteblocks_slideritem` ENABLE KEYS */;
UNLOCK TABLES;

--
-- Table structure for table `south_migrationhistory`
--

DROP TABLE IF EXISTS `south_migrationhistory`;
/*!40101 SET @saved_cs_client     = @@character_set_client */;
/*!40101 SET character_set_client = utf8 */;
CREATE TABLE `south_migrationhistory` (
  `id` int(11) NOT NULL AUTO_INCREMENT,
  `app_name` varchar(255) NOT NULL,
  `migration` varchar(255) NOT NULL,
  `applied` datetime NOT NULL,
  PRIMARY KEY (`id`)
) ENGINE=InnoDB AUTO_INCREMENT=30 DEFAULT CHARSET=utf8;
/*!40101 SET character_set_client = @saved_cs_client */;

--
-- Dumping data for table `south_migrationhistory`
--

LOCK TABLES `south_migrationhistory` WRITE;
/*!40000 ALTER TABLE `south_migrationhistory` DISABLE KEYS */;
INSERT INTO `south_migrationhistory` VALUES (1,'menu','0001_initial','2013-08-02 10:49:10'),(2,'dashboard','0001_initial','2013-08-02 10:49:10'),(3,'dashboard','0002_auto__add_field_dashboardpreferences_dashboard_id','2013-08-02 10:49:11'),(4,'dashboard','0003_auto__add_unique_dashboardpreferences_dashboard_id_user','2013-08-02 10:49:11'),(5,'siteblocks','0001_initial','2013-08-02 10:49:12'),(6,'pages','0001_initial','2013-08-02 10:49:14'),(7,'newsboard','0001_initial','2013-08-02 10:49:15'),(8,'specs','0001_initial','2013-08-02 10:49:16'),(9,'specs','0002_auto__chg_field_spec_title','2013-08-02 10:49:16'),(10,'reviews','0001_initial','2013-08-02 10:49:16'),(11,'reviews','0002_auto__del_field_review_phone','2013-08-02 10:49:16'),(12,'reviews','0003_auto__add_field_review_email','2013-08-02 10:49:17'),(13,'services','0001_initial','2013-08-02 14:29:59'),(14,'services','0002_auto__del_serviceprice__add_price','2013-08-02 14:55:25'),(15,'services','0003_auto__add_field_category_slug','2013-08-02 15:27:10'),(16,'services','0004_auto__del_field_category_slug__del_field_subservice_slug__del_field_se','2013-08-02 16:35:35'),(17,'services','0005_auto__add_field_subcategory_description','2013-08-02 18:17:18'),(18,'services','0006_auto__del_field_subservice_short_description','2013-08-02 18:48:21'),(19,'siteblocks','0002_auto__add_clinicmenu','2013-08-13 12:32:15'),(20,'siteblocks','0003_auto__add_gallery__add_galleryimage','2013-08-13 12:32:15'),(21,'services','0007_auto__del_subservice__add_sevicesign__add_field_service_parent__add_fi','2013-08-13 12:32:16'),(22,'services','0008_auto__del_sevicesign__add_servicesign','2013-08-13 12:32:16'),(23,'services','0009_auto__chg_field_servicesign_desired_time__chg_field_servicesign_desire','2013-08-13 12:32:17'),(24,'articles','0001_initial','2013-08-13 13:12:29'),(25,'siteblocks','0004_auto__add_slideritem','2013-08-13 14:05:00'),(26,'articles','0002_auto__del_field_social_short_text','2013-08-14 12:03:06'),(27,'services','0010_auto__add_recomendation__add_month__add_recomendationtype','2013-08-16 04:42:52'),(28,'articles','0003_auto__add_licence','2013-08-16 04:44:39'),(29,'services','0011_auto__add_field_month_order','2013-08-16 06:41:11');
/*!40000 ALTER TABLE `south_migrationhistory` ENABLE KEYS */;
UNLOCK TABLES;

--
-- Table structure for table `specs_question`
--

DROP TABLE IF EXISTS `specs_question`;
/*!40101 SET @saved_cs_client     = @@character_set_client */;
/*!40101 SET character_set_client = utf8 */;
CREATE TABLE `specs_question` (
  `id` int(11) NOT NULL AUTO_INCREMENT,
  `spec_id` int(11) NOT NULL,
  `question` longtext NOT NULL,
  `email` varchar(75) NOT NULL,
  PRIMARY KEY (`id`),
  KEY `specs_question_1d8e9887` (`spec_id`),
  CONSTRAINT `spec_id_refs_id_5eb07ecf28082bee` FOREIGN KEY (`spec_id`) REFERENCES `specs_spec` (`id`)
) ENGINE=InnoDB AUTO_INCREMENT=2 DEFAULT CHARSET=utf8;
/*!40101 SET character_set_client = @saved_cs_client */;

--
-- Dumping data for table `specs_question`
--

LOCK TABLES `specs_question` WRITE;
/*!40000 ALTER TABLE `specs_question` DISABLE KEYS */;
INSERT INTO `specs_question` VALUES (1,1,'qwer','qwer@example.com');
/*!40000 ALTER TABLE `specs_question` ENABLE KEYS */;
UNLOCK TABLES;

--
-- Table structure for table `specs_spec`
--

DROP TABLE IF EXISTS `specs_spec`;
/*!40101 SET @saved_cs_client     = @@character_set_client */;
/*!40101 SET character_set_client = utf8 */;
CREATE TABLE `specs_spec` (
  `id` int(11) NOT NULL AUTO_INCREMENT,
  `initials` varchar(150) NOT NULL,
  `title` varchar(150) NOT NULL,
  `image` varchar(100) NOT NULL,
  `short_desc` longtext NOT NULL,
  `description` longtext NOT NULL,
  PRIMARY KEY (`id`)
) ENGINE=InnoDB AUTO_INCREMENT=7 DEFAULT CHARSET=utf8;
/*!40101 SET character_set_client = @saved_cs_client */;

--
-- Dumping data for table `specs_spec`
--

LOCK TABLES `specs_spec` WRITE;
/*!40000 ALTER TABLE `specs_spec` DISABLE KEYS */;
INSERT INTO `specs_spec` VALUES (1,'Дугарова Дарима Гатыповна','Главный врач, дерматокосметолог','images/spec/1.png','Небольшое описание врача (1-2 абзаца) с информацией где учились, курсы повышения квалификации, профессиональные достижения. Стаж работы.','<p>Рекламная площадка ускоряет межличностный рекламный клаттер, не считаясь с затратами. Узнавание бренда, отбрасывая подробности, амбивалентно. Российская специфика, безусловно, искажает направленный маркетинг, расширяя долю рынка. Рыночная информация,&nbsp;как&nbsp;следует&nbsp;из&nbsp;вышесказанного, экономит экспериментальный медийный канал, осознав маркетинг как часть производства. До недавнего времени считалось, что жизненный цикл продукции повсеместно экономит отраслевой стандарт, повышая конкуренцию.</p><p>Косвенная реклама требовальна к креативу. Представляется&nbsp;логичным,&nbsp;что рекламное сообщество изменяет связанный продукт, не считаясь с затратами. Пресс-клиппинг,&nbsp;в&nbsp;рамках&nbsp;сегодняшних&nbsp;воззрений, синхронизирует из ряда вон выходящий conversion rate, осознав маркетинг как часть производства. Воздействие на потребителя искажает эмпирический показ баннера, оптимизируя бюджеты. Социальная ответственность спонтанно тормозит медиабизнес, повышая конкуренцию.</p>\r\n'),(2,'Исакова Татьяна Ивановна','Врач-физиотерапевт','images/spec/2.png','Небольшое описание врача (1-2 абзаца) с информацией где учились, курсы повышения квалификации, профессиональные достижения. Стаж работы.','<p>Небольшое описание врача (1-2 абзаца) с информацией где учились, курсы повышения квалификации, профессиональные достижения. Стаж работы.&nbsp;Небольшое описание врача (1-2 абзаца) с информацией где учились, курсы повышения квалификации, профессиональные достижения. Стаж работы.&nbsp;Небольшое описание врача (1-2 абзаца) с информацией где учились, курсы повышения квалификации, профессиональные достижения. Стаж работы.<br></p>'),(3,'Васильева Оксана Сергеевна','Должность','images/spec/3.png','Небольшое описание врача (1-2 абзаца) с информацией где учились, курсы повышения квалификации, профессиональные достижения. Стаж работы.','<p>Небольшое описание врача (1-2 абзаца) с информацией где учились, курсы повышения квалификации, профессиональные достижения. Стаж работы.&nbsp;Небольшое описание врача (1-2 абзаца) с информацией где учились, курсы повышения квалификации, профессиональные достижения. Стаж работы.&nbsp;Небольшое описание врача (1-2 абзаца) с информацией где учились, курсы повышения квалификации, профессиональные достижения. Стаж работы.<br></p>'),(4,'Лиценберг Марина Сергеевна','Должность','images/spec/4.png','Небольшое описание врача (1-2 абзаца) с информацией где учились, курсы повышения квалификации, профессиональные достижения. Стаж работы.','<p>Небольшое описание врача (1-2 абзаца) с информацией где учились, курсы повышения квалификации, профессиональные достижения. Стаж работы.&nbsp;Небольшое описание врача (1-2 абзаца) с информацией где учились, курсы повышения квалификации, профессиональные достижения. Стаж работы.&nbsp;Небольшое описание врача (1-2 абзаца) с информацией где учились, курсы повышения квалификации, профессиональные достижения. Стаж работы.<br></p>'),(5,'Соколова Наталья Викторовна','Врач-дерматокосметолог','images/spec/Sokolova_Natal\'ya_Viktorovna.jpg','Краткое текстовое описание','<p>Полное текстовое описание</p>'),(6,'Чижова Ольга Николаевна','SPA-оператор','images/spec/Chizhova_Ol\'ga_Nikolaevna.jpg','Краткое текстовое описание','<p>Полное текстовое описание<br></p>');
/*!40000 ALTER TABLE `specs_spec` ENABLE KEYS */;
UNLOCK TABLES;

--
-- Table structure for table `thumbnail_kvstore`
--

DROP TABLE IF EXISTS `thumbnail_kvstore`;
/*!40101 SET @saved_cs_client     = @@character_set_client */;
/*!40101 SET character_set_client = utf8 */;
CREATE TABLE `thumbnail_kvstore` (
  `key` varchar(200) NOT NULL,
  `value` longtext NOT NULL,
  PRIMARY KEY (`key`)
) ENGINE=InnoDB DEFAULT CHARSET=utf8;
/*!40101 SET character_set_client = @saved_cs_client */;

--
-- Dumping data for table `thumbnail_kvstore`
--

LOCK TABLES `thumbnail_kvstore` WRITE;
/*!40000 ALTER TABLE `thumbnail_kvstore` DISABLE KEYS */;
INSERT INTO `thumbnail_kvstore` VALUES ('sorl-thumbnail||image||002a7b25dbb8e03842229363e3ae2120','{\"storage\": \"django.core.files.storage.FileSystemStorage\", \"name\": \"cache/0a/69/0a699f68d90a240d99858fd0340345c3.png\", \"size\": [160, 144]}'),('sorl-thumbnail||image||00a272b1b048b220db0d0c93fd18d9a2','{\"storage\": \"django.core.files.storage.FileSystemStorage\", \"name\": \"images/spec/2.png\", \"size\": [149, 172]}'),('sorl-thumbnail||image||00c4e0046c27b4165ee84035bc5e48d0','{\"storage\": \"django.core.files.storage.FileSystemStorage\", \"name\": \"cache/1b/f1/1bf1d5e91bad92354f878609ff6ab21b.png\", \"size\": [300, 144]}'),('sorl-thumbnail||image||0134776c77f1bd9a4d8e136c03b5c08f','{\"storage\": \"django.core.files.storage.FileSystemStorage\", \"name\": \"cache/a8/22/a8227b6e8a5b8fea9da71fe45d8609d8.png\", \"size\": [300, 144]}'),('sorl-thumbnail||image||01760df3346ce1bd1ad1167ba51d2787','{\"storage\": \"django.core.files.storage.FileSystemStorage\", \"name\": \"cache/b6/49/b649a7e15059e905fa62e3b6fd9ecf65.png\", \"size\": [160, 144]}'),('sorl-thumbnail||image||03b617ac5a72dfb14456928a13a2bbc7','{\"storage\": \"django.core.files.storage.FileSystemStorage\", \"name\": \"images/spec/Chizhova_Ol\'ga_Nikolaevna.jpg\", \"size\": [115, 161]}'),('sorl-thumbnail||image||04a1266b51d32746da5ef3ba6c6dd971','{\"storage\": \"django.core.files.storage.FileSystemStorage\", \"name\": \"uploads/images/galleries/Gallereya_stranitsyi_\\\"O_klinike\\\"/preview-sample_4.png\", \"size\": [160, 92]}'),('sorl-thumbnail||image||04b422f54e71c019e47acbdc21a7db6a','{\"storage\": \"django.core.files.storage.FileSystemStorage\", \"name\": \"cache/f2/e3/f2e33dea54488ce3fe8309e8127e2cce.png\", \"size\": [300, 144]}'),('sorl-thumbnail||image||0946bc2cf798f80d754a59494c29313b','{\"storage\": \"django.core.files.storage.FileSystemStorage\", \"name\": \"cache/58/47/584718a7b77146c56f891a9b646c0e64.png\", \"size\": [160, 92]}'),('sorl-thumbnail||image||0a8f66430f243d3202cf46f0d1c09dc8','{\"storage\": \"django.core.files.storage.FileSystemStorage\", \"name\": \"uploads/images/galleries/Gallereya_stranitsyi_\\\"O_klinike\\\"/preview-sample_3.png\", \"size\": [160, 92]}'),('sorl-thumbnail||image||0eeb0ff292c762db8eb4bd19a3da8510','{\"storage\": \"django.core.files.storage.FileSystemStorage\", \"name\": \"cache/34/1e/341ee05cf3fcec8b749a1d00ee0e13dc.png\", \"size\": [160, 92]}'),('sorl-thumbnail||image||1063c0376a16cca1333b99ce4a999c67','{\"storage\": \"django.core.files.storage.FileSystemStorage\", \"name\": \"cache/f9/a8/f9a863ad678391e8617cda70b5bca602.png\", \"size\": [149, 174]}'),('sorl-thumbnail||image||129440d663bac05043535ae86309aca6','{\"storage\": \"django.core.files.storage.FileSystemStorage\", \"name\": \"cache/38/90/38903a989d56bd9d0352ca197a0bdfea.jpg\", \"size\": [149, 174]}'),('sorl-thumbnail||image||162778af9df5f35cb91b6c91eea27ee9','{\"storage\": \"django.core.files.storage.FileSystemStorage\", \"name\": \"cache/d8/df/d8df96b0ddc5739cacadd34136a4b716.png\", \"size\": [260, 306]}'),('sorl-thumbnail||image||17e7085d808128f00baae74e0fee01f9','{\"storage\": \"django.core.files.storage.FileSystemStorage\", \"name\": \"cache/54/a9/54a9371e00b5721f19af63570c249416.png\", \"size\": [260, 306]}'),('sorl-thumbnail||image||1d19a37a47fd28128181c4a93813cc46','{\"storage\": \"django.core.files.storage.FileSystemStorage\", \"name\": \"cache/ce/e1/cee14710ac31a9d3f55eb8604e129364.png\", \"size\": [160, 92]}'),('sorl-thumbnail||image||245f67768579ce40d6a09f4e3a3cd788','{\"storage\": \"django.core.files.storage.FileSystemStorage\", \"name\": \"uploads/images/galleries/Gallereya_stranitsyi_\\\"O_klinike\\\"/DSC_6750.jpg\", \"size\": [597, 900]}'),('sorl-thumbnail||image||28fefc92a35f82fa53f336e29e90892b','{\"storage\": \"django.core.files.storage.FileSystemStorage\", \"name\": \"images/spec/1.png\", \"size\": [149, 174]}'),('sorl-thumbnail||image||2e630fbff3aa7822f7b5989cdfd1b82a','{\"storage\": \"django.core.files.storage.FileSystemStorage\", \"name\": \"uploads/images/slider/6.jpg\", \"size\": [260, 306]}'),('sorl-thumbnail||image||2eba24d765261a00c9ec840e54f885fe','{\"storage\": \"django.core.files.storage.FileSystemStorage\", \"name\": \"cache/99/20/992004031b9024c1e02a067a265b877a.png\", \"size\": [160, 92]}'),('sorl-thumbnail||image||30ba029261376a1d57ab6c6d433771e2','{\"storage\": \"django.core.files.storage.FileSystemStorage\", \"name\": \"cache/90/ac/90ac1a46bfb3dada01dc1fe15313824c.png\", \"size\": [124, 174]}'),('sorl-thumbnail||image||31842634af0bab0a8ca42b67a53e0f79','{\"storage\": \"django.core.files.storage.FileSystemStorage\", \"name\": \"images/licence/preview-sample2.png\", \"size\": [160, 108]}'),('sorl-thumbnail||image||339ba49c9654b6bf5082eefb91627fdb','{\"storage\": \"django.core.files.storage.FileSystemStorage\", \"name\": \"uploads/images/slider/1.jpg\", \"size\": [300, 144]}'),('sorl-thumbnail||image||33b41a448e862631d2dcae5a1ed3cad1','{\"storage\": \"django.core.files.storage.FileSystemStorage\", \"name\": \"cache/5d/ce/5dce1279605916ba8bc23f5600f82b02.png\", \"size\": [300, 144]}'),('sorl-thumbnail||image||34c442b4c1ab681582f6035e326eba2c','{\"storage\": \"django.core.files.storage.FileSystemStorage\", \"name\": \"images/spec/person-example-2_1.png\", \"size\": [149, 174]}'),('sorl-thumbnail||image||3f7d6594b2b636732fb621b25bce977b','{\"storage\": \"django.core.files.storage.FileSystemStorage\", \"name\": \"uploads/images/galleries/Gallereya_stranitsyi_\\\"O_klinike\\\"/DSC_6695.jpg\", \"size\": [597, 900]}'),('sorl-thumbnail||image||41f5d06ec3318e8f14ea37d3324fff5c','{\"storage\": \"django.core.files.storage.FileSystemStorage\", \"name\": \"cache/42/58/425873f86f70bcc07e0f5669654799d7.png\", \"size\": [160, 144]}'),('sorl-thumbnail||image||4522a323bfef7c584f0942198378cd80','{\"storage\": \"django.core.files.storage.FileSystemStorage\", \"name\": \"cache/3d/74/3d749e8eca3e037095b9bf742568c551.png\", \"size\": [160, 92]}'),('sorl-thumbnail||image||4b1b22dd0dd3283fbdad8ff7f2520f84','{\"storage\": \"django.core.files.storage.FileSystemStorage\", \"name\": \"uploads/images/slider/5.jpg\", \"size\": [300, 144]}'),('sorl-thumbnail||image||4c985bbc077a9c41e4ec26108e4eed6e','{\"storage\": \"django.core.files.storage.FileSystemStorage\", \"name\": \"cache/08/b5/08b518da3d28b47c2f7a7c1972104c8c.png\", \"size\": [300, 144]}'),('sorl-thumbnail||image||4dce0291f0007e1604f9d0b67c876747','{\"storage\": \"django.core.files.storage.FileSystemStorage\", \"name\": \"cache/56/3e/563e4c2622a02b8af84056f3fcec6288.png\", \"size\": [160, 144]}'),('sorl-thumbnail||image||4fe9115f87b541b0aee4eb0b3cdf8210','{\"storage\": \"django.core.files.storage.FileSystemStorage\", \"name\": \"cache/7d/d6/7dd6b73ceca6a76cdbf9d1d6aa098a27.png\", \"size\": [160, 92]}'),('sorl-thumbnail||image||50827ed21e9feebb3d885cb2dce35e67','{\"storage\": \"django.core.files.storage.FileSystemStorage\", \"name\": \"uploads/images/galleries/Gallereya_stranitsyi_\\\"O_klinike\\\"/DSC_6702.jpg\", \"size\": [597, 900]}'),('sorl-thumbnail||image||51fbea5421faa17375db09d489cd53de','{\"storage\": \"django.core.files.storage.FileSystemStorage\", \"name\": \"uploads/images/slider/slider-big-sample.png\", \"size\": [260, 305]}'),('sorl-thumbnail||image||543e671f2a7726b9eaf55fb1171b9a96','{\"storage\": \"django.core.files.storage.FileSystemStorage\", \"name\": \"uploads/images/galleries/Gallereya_stranitsyi_\\\"O_klinike\\\"/DSC_6780-1.jpg\", \"size\": [597, 900]}'),('sorl-thumbnail||image||5445533c6e0df6e2adb709b4676f3c0b','{\"storage\": \"django.core.files.storage.FileSystemStorage\", \"name\": \"cache/76/79/76798bf8a2858eedb2bf25dedd68b2ec.png\", \"size\": [300, 144]}'),('sorl-thumbnail||image||5dabbc135480ad6082c520ed90272b07','{\"storage\": \"django.core.files.storage.FileSystemStorage\", \"name\": \"uploads/images/galleries/Gallereya_stranitsyi_\\\"O_klinike\\\"/preview-sample_2.png\", \"size\": [160, 92]}'),('sorl-thumbnail||image||5ff4a3596249e949d43d40aeb3c329ff','{\"storage\": \"django.core.files.storage.FileSystemStorage\", \"name\": \"uploads/images/galleries/Gallereya_stranitsyi_\\\"O_klinike\\\"/DSC_6845.jpg\", \"size\": [900, 597]}'),('sorl-thumbnail||image||60c6771b6684070a26abcf2cea4ceb75','{\"storage\": \"django.core.files.storage.FileSystemStorage\", \"name\": \"uploads/images/slider/8.jpg\", \"size\": [160, 144]}'),('sorl-thumbnail||image||6136b66786ffc3b7dbc08b955a970876','{\"storage\": \"django.core.files.storage.FileSystemStorage\", \"name\": \"uploads/images/galleries/Gallereya_stranitsyi_\\\"O_klinike\\\"/DSC_6882.jpg\", \"size\": [900, 597]}'),('sorl-thumbnail||image||6318d6c5ba2b9f27a5e007782325a4c2','{\"storage\": \"django.core.files.storage.FileSystemStorage\", \"name\": \"uploads/images/galleries/Gallereya_stranitsyi_\\\"O_klinike\\\"/DSC_6871.jpg\", \"size\": [597, 900]}'),('sorl-thumbnail||image||6320266c84a74880cc0e4b32bab155f4','{\"storage\": \"django.core.files.storage.FileSystemStorage\", \"name\": \"cache/9b/c4/9bc4a313bc5e5e0a655b10264733673b.png\", \"size\": [160, 144]}'),('sorl-thumbnail||image||63c28440fe7eba8e16a6c4e0b71db9ed','{\"storage\": \"django.core.files.storage.FileSystemStorage\", \"name\": \"uploads/images/slider/DSC_6691.jpg\", \"size\": [597, 900]}'),('sorl-thumbnail||image||6860db85c3ef32f8e0550333399c9c9a','{\"storage\": \"django.core.files.storage.FileSystemStorage\", \"name\": \"uploads/images/galleries/Gallereya_stranitsyi_\\\"O_klinike\\\"/DSC_6691.jpg\", \"size\": [597, 900]}'),('sorl-thumbnail||image||6b806625c5c95aa04840a7a0643803f7','{\"storage\": \"django.core.files.storage.FileSystemStorage\", \"name\": \"cache/50/45/5045fa3677127cb71c9aa463bbc87669.png\", \"size\": [260, 306]}'),('sorl-thumbnail||image||6e13c3c30dcafa1621e41eea96b65c6d','{\"storage\": \"django.core.files.storage.FileSystemStorage\", \"name\": \"uploads/images/slider/slider-medium-sample_1.png\", \"size\": [300, 144]}'),('sorl-thumbnail||image||704e339a7b09f049af43d33602b26c69','{\"storage\": \"django.core.files.storage.FileSystemStorage\", \"name\": \"images/social/preview-sample2_1.png\", \"size\": [160, 108]}'),('sorl-thumbnail||image||74b634a727554b471418bd5287e6a445','{\"storage\": \"django.core.files.storage.FileSystemStorage\", \"name\": \"cache/dd/a9/dda92515cd47d841f9a681f829dc2b95.png\", \"size\": [160, 92]}'),('sorl-thumbnail||image||7c959072d8ff6832bce76b8477d7f450','{\"storage\": \"django.core.files.storage.FileSystemStorage\", \"name\": \"cache/08/bc/08bccdf22b434a08eaaa99fcb0b4935c.png\", \"size\": [160, 92]}'),('sorl-thumbnail||image||7ea68b31d8ebf05e138676c5d71b1f75','{\"storage\": \"django.core.files.storage.FileSystemStorage\", \"name\": \"uploads/images/galleries/Gallereya_stranitsyi_\\\"O_klinike\\\"/preview-sample_1.png\", \"size\": [160, 92]}'),('sorl-thumbnail||image||81ba1088698349de77e00de2501751fd','{\"storage\": \"django.core.files.storage.FileSystemStorage\", \"name\": \"uploads/images/slider/7.jpg\", \"size\": [160, 144]}'),('sorl-thumbnail||image||82c16cc8d423d0f97226f0b52790a118','{\"storage\": \"django.core.files.storage.FileSystemStorage\", \"name\": \"cache/6a/e9/6ae9957bc8320621e1d89301a3942492.png\", \"size\": [160, 92]}'),('sorl-thumbnail||image||85323efffcb4444f1a185b66a7bf778f','{\"storage\": \"django.core.files.storage.FileSystemStorage\", \"name\": \"cache/f0/d4/f0d4df5fe644c33d8c19d8c1e6308278.png\", \"size\": [203, 306]}'),('sorl-thumbnail||image||890968a6da8ffb3179e456364d3855ed','{\"storage\": \"django.core.files.storage.FileSystemStorage\", \"name\": \"cache/29/2e/292eee4cb2f3de27cf9ba5fb02975c0e.png\", \"size\": [300, 144]}'),('sorl-thumbnail||image||8b08097bd3ea9d8b845d4ead9f1d2fe7','{\"storage\": \"django.core.files.storage.FileSystemStorage\", \"name\": \"images/spec/Sokolova_Natal\'ya_Viktorovna.jpg\", \"size\": [115, 161]}'),('sorl-thumbnail||image||90f300b13799462d4d865c8754bbd26a','{\"storage\": \"django.core.files.storage.FileSystemStorage\", \"name\": \"cache/79/2d/792d5ed7bd6a28fd0fbbf1ba2378fb3a.png\", \"size\": [138, 92]}'),('sorl-thumbnail||image||98ca79d65a684f5135b782fa565d0fd8','{\"storage\": \"django.core.files.storage.FileSystemStorage\", \"name\": \"cache/81/39/813952f161745dfe602ef66d3c47dd50.png\", \"size\": [160, 92]}'),('sorl-thumbnail||image||9a9ba069ca92d1eec3e906a4e414ff14','{\"storage\": \"django.core.files.storage.FileSystemStorage\", \"name\": \"cache/81/ab/81ab06948647c269e39ea40cd06d1b8c.png\", \"size\": [160, 92]}'),('sorl-thumbnail||image||9ac902bb1f1217cfc860a6045482a5b9','{\"storage\": \"django.core.files.storage.FileSystemStorage\", \"name\": \"uploads/images/galleries/Gallereya_stranitsyi_\\\"O_klinike\\\"/DSC_6712.jpg\", \"size\": [597, 900]}'),('sorl-thumbnail||image||9c3e1093cd8c21198cb0c7958d13245c','{\"storage\": \"django.core.files.storage.FileSystemStorage\", \"name\": \"cache/42/63/4263df8c0b4859bfd1d37de65ae2de81.png\", \"size\": [124, 174]}'),('sorl-thumbnail||image||9f9a94fa8c30338b9202680423071baa','{\"storage\": \"django.core.files.storage.FileSystemStorage\", \"name\": \"cache/3d/08/3d08dc6d4f79c5e2e52e61eacc1e008a.png\", \"size\": [160, 92]}'),('sorl-thumbnail||image||a06f0cb4cad32f0e28f04c3d8666201b','{\"storage\": \"django.core.files.storage.FileSystemStorage\", \"name\": \"cache/2e/ab/2eab34f9c7bf7795f3f5b1df3160d192.png\", \"size\": [160, 92]}'),('sorl-thumbnail||image||a34ba31953a381f3abbb10f024b8cfc2','{\"storage\": \"django.core.files.storage.FileSystemStorage\", \"name\": \"uploads/images/galleries/Gallereya_stranitsyi_\\\"O_klinike\\\"/preview-sample.png\", \"size\": [160, 92]}'),('sorl-thumbnail||image||a60e770ba843401f8454acc1570ac752','{\"storage\": \"django.core.files.storage.FileSystemStorage\", \"name\": \"cache/6a/72/6a723bd48c6929cf1b4a1fe055d4fcb4.png\", \"size\": [260, 305]}'),('sorl-thumbnail||image||a67ca7f141bfe734e2143500c5c32c00','{\"storage\": \"django.core.files.storage.FileSystemStorage\", \"name\": \"cache/16/36/16367c25d29ff6a6ebfb50477d452708.png\", \"size\": [61, 92]}'),('sorl-thumbnail||image||a6a01f0beb6609cf45e95b0b559ec8cf','{\"storage\": \"django.core.files.storage.FileSystemStorage\", \"name\": \"cache/bc/b4/bcb4452e1c3c74a14cc46a7cca2752d9.png\", \"size\": [160, 92]}'),('sorl-thumbnail||image||aacf194605a5c985ed5b8fea691c2f24','{\"storage\": \"django.core.files.storage.FileSystemStorage\", \"name\": \"uploads/images/galleries/Gallereya_stranitsyi_\\\"O_klinike\\\"/DSC_6695_1.jpg\", \"size\": [597, 900]}'),('sorl-thumbnail||image||acc3aac2f6202a68487b7dcc7d973a31','{\"storage\": \"django.core.files.storage.FileSystemStorage\", \"name\": \"cache/9d/c2/9dc2c968115e227fe67eee26e276b444.png\", \"size\": [160, 144]}'),('sorl-thumbnail||image||ae81b546635784825a789a5c7bd2d85e','{\"storage\": \"django.core.files.storage.FileSystemStorage\", \"name\": \"cache/29/c8/29c81e6c6681551928feb80d01619895.png\", \"size\": [300, 144]}'),('sorl-thumbnail||image||b18fdc019dd4f05a5665c857fccd4468','{\"storage\": \"django.core.files.storage.FileSystemStorage\", \"name\": \"uploads/images/slider/slider-small-sample_1.png\", \"size\": [160, 144]}'),('sorl-thumbnail||image||b5c52231092d56dc41f1ddf76155625a','{\"storage\": \"django.core.files.storage.FileSystemStorage\", \"name\": \"cache/ce/bd/cebd59429295dbf521fa837dffc730aa.png\", \"size\": [160, 92]}'),('sorl-thumbnail||image||b63469bdd1ff2e329c958f9b2075e72b','{\"storage\": \"django.core.files.storage.FileSystemStorage\", \"name\": \"uploads/images/slider/3.jpg\", \"size\": [300, 144]}'),('sorl-thumbnail||image||b89f817816e080ddc369d9107a6a7b48','{\"storage\": \"django.core.files.storage.FileSystemStorage\", \"name\": \"cache/6f/55/6f55c0f2f04a0973f793dabe7b7a93d6.png\", \"size\": [149, 161]}'),('sorl-thumbnail||image||b9391373ec8973a08dc8ff1a39785815','{\"storage\": \"django.core.files.storage.FileSystemStorage\", \"name\": \"cache/63/de/63def71a3aeb8f715c886ae63e391c75.png\", \"size\": [300, 144]}'),('sorl-thumbnail||image||bce913a9a0564e11736394e6eb97a081','{\"storage\": \"django.core.files.storage.FileSystemStorage\", \"name\": \"uploads/images/slider/4.jpg\", \"size\": [300, 144]}'),('sorl-thumbnail||image||c377489bd211e414c2b986677fabab6d','{\"storage\": \"django.core.files.storage.FileSystemStorage\", \"name\": \"cache/6e/ee/6eee570e1fb64635b2fbe83d92048fb3.png\", \"size\": [149, 161]}'),('sorl-thumbnail||image||c3876856f35b26bae848b791c7bdbda2','{\"storage\": \"django.core.files.storage.FileSystemStorage\", \"name\": \"uploads/images/slider/slider-medium-sample.png\", \"size\": [300, 144]}'),('sorl-thumbnail||image||c64bb69ef722d12c5b61360e229850ad','{\"storage\": \"django.core.files.storage.FileSystemStorage\", \"name\": \"cache/d3/0e/d30e3a6717bb5d4c20297446aa60a1b2.png\", \"size\": [160, 92]}'),('sorl-thumbnail||image||cb2d1ee3186f0ee8550b7efe45454ba9','{\"storage\": \"django.core.files.storage.FileSystemStorage\", \"name\": \"cache/39/06/390673dc987b539a877a1b245be39196.png\", \"size\": [61, 92]}'),('sorl-thumbnail||image||ccbdf8551734930fdba070d7e36bce1a','{\"storage\": \"django.core.files.storage.FileSystemStorage\", \"name\": \"uploads/images/galleries/Gallereya_stranitsyi_\\\"O_klinike\\\"/DSC_6759.jpg\", \"size\": [521, 900]}'),('sorl-thumbnail||image||cd7a37cb39c6c206ff2e85a571969d74','{\"storage\": \"django.core.files.storage.FileSystemStorage\", \"name\": \"cache/30/e4/30e4813a0ec11c5e784b2340f886add0.png\", \"size\": [160, 108]}'),('sorl-thumbnail||image||cf29d85de3f14e9d7b653ac26d5f6751','{\"storage\": \"django.core.files.storage.FileSystemStorage\", \"name\": \"cache/45/fe/45fed686dbccddd9318cd0e4b8cb047c.png\", \"size\": [160, 108]}'),('sorl-thumbnail||image||d41f52a78ef36ea4c8c0bda326b3981a','{\"storage\": \"django.core.files.storage.FileSystemStorage\", \"name\": \"cache/52/81/52819e85c4dcd2fde813c45ee45f0315.png\", \"size\": [160, 108]}'),('sorl-thumbnail||image||d737687b12977fc03c12ec417221913e','{\"storage\": \"django.core.files.storage.FileSystemStorage\", \"name\": \"images/spec/4.png\", \"size\": [149, 161]}'),('sorl-thumbnail||image||d750db79d27a647f1c83736403ac9bcd','{\"storage\": \"django.core.files.storage.FileSystemStorage\", \"name\": \"uploads/images/galleries/Gallereya_stranitsyi_\\\"O_klinike\\\"/DSC_6826.jpg\", \"size\": [900, 597]}'),('sorl-thumbnail||image||d82871d716bd318731c4648d7caded57','{\"storage\": \"django.core.files.storage.FileSystemStorage\", \"name\": \"cache/c3/79/c379ec54431359cbb6de995c4d682ccf.png\", \"size\": [160, 92]}'),('sorl-thumbnail||image||d85df70b46e56d0e0e4e69f1001832db','{\"storage\": \"django.core.files.storage.FileSystemStorage\", \"name\": \"cache/de/03/de03c6f047a78fa6dcb1c043ec48dfc5.png\", \"size\": [160, 92]}'),('sorl-thumbnail||image||d88ac7dacf098cce38ec4ec490826af7','{\"storage\": \"django.core.files.storage.FileSystemStorage\", \"name\": \"cache/29/04/2904858519ee573d483f83e459da6343.png\", \"size\": [61, 92]}'),('sorl-thumbnail||image||db36e4d63380940192d183f503a0bfff','{\"storage\": \"django.core.files.storage.FileSystemStorage\", \"name\": \"images/spec/3.png\", \"size\": [149, 161]}'),('sorl-thumbnail||image||dd2373b4e9fa5c3eb44ce77929319af7','{\"storage\": \"django.core.files.storage.FileSystemStorage\", \"name\": \"uploads/images/slider/slider-small-sample.png\", \"size\": [160, 144]}'),('sorl-thumbnail||image||dd36bdcf117ef0430f1f24b250655b0b','{\"storage\": \"django.core.files.storage.FileSystemStorage\", \"name\": \"uploads/images/galleries/Gallereya_stranitsyi_\\\"O_klinike\\\"/preview-sample_5.png\", \"size\": [160, 92]}'),('sorl-thumbnail||image||dffd32b817ec4e9f90facb85c5025cb6','{\"storage\": \"django.core.files.storage.FileSystemStorage\", \"name\": \"cache/dc/b4/dcb4a2c405e910f6e53966886bf9bcf1.png\", \"size\": [149, 174]}'),('sorl-thumbnail||image||e1d1edf4158f03863b79bf0d17c2f21d','{\"storage\": \"django.core.files.storage.FileSystemStorage\", \"name\": \"cache/f3/ba/f3ba98b139e0153936ad8a47e051a3eb.png\", \"size\": [160, 92]}'),('sorl-thumbnail||image||e996f1985a9346b187dcd695ff9c9cd8','{\"storage\": \"django.core.files.storage.FileSystemStorage\", \"name\": \"uploads/images/galleries/Gallereya_stranitsyi_\\\"O_klinike\\\"/DSC_6709.jpg\", \"size\": [900, 598]}'),('sorl-thumbnail||image||eb2a993dd94a72860128fd57b33e79ec','{\"storage\": \"django.core.files.storage.FileSystemStorage\", \"name\": \"images/social/preview-sample2.png\", \"size\": [160, 108]}'),('sorl-thumbnail||image||ecd72ed39f322d10b2beee6a9a855792','{\"storage\": \"django.core.files.storage.FileSystemStorage\", \"name\": \"uploads/images/galleries/Gallereya_stranitsyi_\\\"O_klinike\\\"/DSC_6768.jpg\", \"size\": [597, 900]}'),('sorl-thumbnail||image||f6edbb9511d46ce3e4cd9b101aa72375','{\"storage\": \"django.core.files.storage.FileSystemStorage\", \"name\": \"cache/80/2d/802da3af43409507d7d6f3aee9c23b3d.png\", \"size\": [160, 92]}'),('sorl-thumbnail||image||f8d9ce46b8dbe4f8341709991da2aa9a','{\"storage\": \"django.core.files.storage.FileSystemStorage\", \"name\": \"cache/cb/90/cb90ae2a48accff02a562effe7570bb7.png\", \"size\": [149, 172]}'),('sorl-thumbnail||image||ff25da6f22993bccdd15829f001e4a69','{\"storage\": \"django.core.files.storage.FileSystemStorage\", \"name\": \"uploads/images/slider/2.jpg\", \"size\": [300, 144]}'),('sorl-thumbnail||thumbnails||00a272b1b048b220db0d0c93fd18d9a2','[\"f8d9ce46b8dbe4f8341709991da2aa9a\"]'),('sorl-thumbnail||thumbnails||03b617ac5a72dfb14456928a13a2bbc7','[\"30ba029261376a1d57ab6c6d433771e2\"]'),('sorl-thumbnail||thumbnails||04a1266b51d32746da5ef3ba6c6dd971','[\"0eeb0ff292c762db8eb4bd19a3da8510\"]'),('sorl-thumbnail||thumbnails||0a8f66430f243d3202cf46f0d1c09dc8','[\"82c16cc8d423d0f97226f0b52790a118\"]'),('sorl-thumbnail||thumbnails||245f67768579ce40d6a09f4e3a3cd788','[\"7c959072d8ff6832bce76b8477d7f450\"]'),('sorl-thumbnail||thumbnails||28fefc92a35f82fa53f336e29e90892b','[\"1063c0376a16cca1333b99ce4a999c67\"]'),('sorl-thumbnail||thumbnails||2e630fbff3aa7822f7b5989cdfd1b82a','[\"6b806625c5c95aa04840a7a0643803f7\"]'),('sorl-thumbnail||thumbnails||31842634af0bab0a8ca42b67a53e0f79','[\"cd7a37cb39c6c206ff2e85a571969d74\"]'),('sorl-thumbnail||thumbnails||339ba49c9654b6bf5082eefb91627fdb','[\"33b41a448e862631d2dcae5a1ed3cad1\"]'),('sorl-thumbnail||thumbnails||34c442b4c1ab681582f6035e326eba2c','[\"dffd32b817ec4e9f90facb85c5025cb6\", \"129440d663bac05043535ae86309aca6\"]'),('sorl-thumbnail||thumbnails||3f7d6594b2b636732fb621b25bce977b','[\"74b634a727554b471418bd5287e6a445\", \"d88ac7dacf098cce38ec4ec490826af7\"]'),('sorl-thumbnail||thumbnails||4b1b22dd0dd3283fbdad8ff7f2520f84','[\"890968a6da8ffb3179e456364d3855ed\"]'),('sorl-thumbnail||thumbnails||50827ed21e9feebb3d885cb2dce35e67','[\"cb2d1ee3186f0ee8550b7efe45454ba9\", \"2eba24d765261a00c9ec840e54f885fe\"]'),('sorl-thumbnail||thumbnails||51fbea5421faa17375db09d489cd53de','[\"a60e770ba843401f8454acc1570ac752\", \"162778af9df5f35cb91b6c91eea27ee9\"]'),('sorl-thumbnail||thumbnails||543e671f2a7726b9eaf55fb1171b9a96','[\"d82871d716bd318731c4648d7caded57\"]'),('sorl-thumbnail||thumbnails||5dabbc135480ad6082c520ed90272b07','[\"d85df70b46e56d0e0e4e69f1001832db\"]'),('sorl-thumbnail||thumbnails||5ff4a3596249e949d43d40aeb3c329ff','[\"e1d1edf4158f03863b79bf0d17c2f21d\"]'),('sorl-thumbnail||thumbnails||60c6771b6684070a26abcf2cea4ceb75','[\"acc3aac2f6202a68487b7dcc7d973a31\"]'),('sorl-thumbnail||thumbnails||6136b66786ffc3b7dbc08b955a970876','[\"a06f0cb4cad32f0e28f04c3d8666201b\"]'),('sorl-thumbnail||thumbnails||6318d6c5ba2b9f27a5e007782325a4c2','[\"98ca79d65a684f5135b782fa565d0fd8\"]'),('sorl-thumbnail||thumbnails||63c28440fe7eba8e16a6c4e0b71db9ed','[\"85323efffcb4444f1a185b66a7bf778f\", \"17e7085d808128f00baae74e0fee01f9\"]'),('sorl-thumbnail||thumbnails||6860db85c3ef32f8e0550333399c9c9a','[\"9f9a94fa8c30338b9202680423071baa\", \"a67ca7f141bfe734e2143500c5c32c00\"]'),('sorl-thumbnail||thumbnails||6e13c3c30dcafa1621e41eea96b65c6d','[\"4c985bbc077a9c41e4ec26108e4eed6e\", \"b9391373ec8973a08dc8ff1a39785815\"]'),('sorl-thumbnail||thumbnails||704e339a7b09f049af43d33602b26c69','[\"cf29d85de3f14e9d7b653ac26d5f6751\"]'),('sorl-thumbnail||thumbnails||7ea68b31d8ebf05e138676c5d71b1f75','[\"1d19a37a47fd28128181c4a93813cc46\"]'),('sorl-thumbnail||thumbnails||81ba1088698349de77e00de2501751fd','[\"4dce0291f0007e1604f9d0b67c876747\"]'),('sorl-thumbnail||thumbnails||8b08097bd3ea9d8b845d4ead9f1d2fe7','[\"9c3e1093cd8c21198cb0c7958d13245c\"]'),('sorl-thumbnail||thumbnails||9ac902bb1f1217cfc860a6045482a5b9','[\"b5c52231092d56dc41f1ddf76155625a\"]'),('sorl-thumbnail||thumbnails||a34ba31953a381f3abbb10f024b8cfc2','[\"c64bb69ef722d12c5b61360e229850ad\"]'),('sorl-thumbnail||thumbnails||aacf194605a5c985ed5b8fea691c2f24','[\"f6edbb9511d46ce3e4cd9b101aa72375\"]'),('sorl-thumbnail||thumbnails||b18fdc019dd4f05a5665c857fccd4468','[\"6320266c84a74880cc0e4b32bab155f4\", \"002a7b25dbb8e03842229363e3ae2120\"]'),('sorl-thumbnail||thumbnails||b63469bdd1ff2e329c958f9b2075e72b','[\"00c4e0046c27b4165ee84035bc5e48d0\"]'),('sorl-thumbnail||thumbnails||bce913a9a0564e11736394e6eb97a081','[\"04b422f54e71c019e47acbdc21a7db6a\"]'),('sorl-thumbnail||thumbnails||c3876856f35b26bae848b791c7bdbda2','[\"0134776c77f1bd9a4d8e136c03b5c08f\", \"5445533c6e0df6e2adb709b4676f3c0b\"]'),('sorl-thumbnail||thumbnails||ccbdf8551734930fdba070d7e36bce1a','[\"4fe9115f87b541b0aee4eb0b3cdf8210\"]'),('sorl-thumbnail||thumbnails||d737687b12977fc03c12ec417221913e','[\"c377489bd211e414c2b986677fabab6d\"]'),('sorl-thumbnail||thumbnails||d750db79d27a647f1c83736403ac9bcd','[\"9a9ba069ca92d1eec3e906a4e414ff14\"]'),('sorl-thumbnail||thumbnails||db36e4d63380940192d183f503a0bfff','[\"b89f817816e080ddc369d9107a6a7b48\"]'),('sorl-thumbnail||thumbnails||dd2373b4e9fa5c3eb44ce77929319af7','[\"41f5d06ec3318e8f14ea37d3324fff5c\", \"01760df3346ce1bd1ad1167ba51d2787\"]'),('sorl-thumbnail||thumbnails||dd36bdcf117ef0430f1f24b250655b0b','[\"0946bc2cf798f80d754a59494c29313b\"]'),('sorl-thumbnail||thumbnails||e996f1985a9346b187dcd695ff9c9cd8','[\"a6a01f0beb6609cf45e95b0b559ec8cf\", \"90f300b13799462d4d865c8754bbd26a\"]'),('sorl-thumbnail||thumbnails||eb2a993dd94a72860128fd57b33e79ec','[\"d41f52a78ef36ea4c8c0bda326b3981a\"]'),('sorl-thumbnail||thumbnails||ecd72ed39f322d10b2beee6a9a855792','[\"4522a323bfef7c584f0942198378cd80\"]'),('sorl-thumbnail||thumbnails||ff25da6f22993bccdd15829f001e4a69','[\"ae81b546635784825a789a5c7bd2d85e\"]');
/*!40000 ALTER TABLE `thumbnail_kvstore` ENABLE KEYS */;
UNLOCK TABLES;
/*!40103 SET TIME_ZONE=@OLD_TIME_ZONE */;

/*!40101 SET SQL_MODE=@OLD_SQL_MODE */;
/*!40014 SET FOREIGN_KEY_CHECKS=@OLD_FOREIGN_KEY_CHECKS */;
/*!40014 SET UNIQUE_CHECKS=@OLD_UNIQUE_CHECKS */;
/*!40101 SET CHARACTER_SET_CLIENT=@OLD_CHARACTER_SET_CLIENT */;
/*!40101 SET CHARACTER_SET_RESULTS=@OLD_CHARACTER_SET_RESULTS */;
/*!40101 SET COLLATION_CONNECTION=@OLD_COLLATION_CONNECTION */;
/*!40111 SET SQL_NOTES=@OLD_SQL_NOTES */;

-- Dump completed on 2013-08-19 13:58:04
